invoice_id,product_name,quantity,rate,value
SAS/25-26/7782,HIK VDP ANALOG DS-KIS204T,1.0,3855.93,3855.93
SAS/25-26/7783,CP-UNR-4K2161-V4-16CH NVR,1.0,4872.88,4872.88
SAS/25-26/7783,CP-UNC-DA21PL3C-L-Y 2 MP AUDIO NETWORK DOME CAMERA,11.0,2118.64,23305.04
SAS/25-26/7784,DAICHI PVC WIRE CAT 6 CCA 100MTR ECO,1.0,847.46,847.46
SAS/25-26/7785,32CH NVR (2HDD AISENSE NVR)PT-NRAS2B32-K4,1.0,16720.34,16720.34
SAS/25-26/7785,4K HDMI CABLE 10MTR.,1.0,233.05,233.05
SAS/25-26/7785,CAMERA BOX  5X5,32.0,12.71,406.72
SAS/25-26/7785,CP PLUS 4MP (CP-Z43A),1.0,2966.1,2966.1
SAS/25-26/7785,CP PLUS CAT 6 ( CP-EUT-6TGL1-305) 23AWG,2.0,5550.85,11101.7
SAS/25-26/7785,CP FULL GIGA SWITCH 24 PORT (GPU24G2F2-30,1.0,10593.22,10593.22
SAS/25-26/7785,CP POE 8PORT 10/100 (CP-DNW-HPU8H2-N12),1.0,1059.32,1059.32
SAS/25-26/7785,CP-UNC-DA41L3C-D-LQ MP IP DOME D/L,10.0,2669.49,26694.9
SAS/25-26/7785,CP-UNC-TA41L3C-D-LQ 4MP IP BULLET D/L,3.0,2855.93,8567.79
SAS/25-26/7785,CP-UNR-4K2162-V3,1.0,5478.81,5478.81
SAS/25-26/7785,CP UTP 24AWG CAT-6 100 MTR. (CP-EUT-6TGL23-100),1.0,1855.93,1855.93
SAS/25-26/7785,CS-CMT-SOLARPANEL-E,1.0,1313.56,1313.56
SAS/25-26/7785,DAICHI HDD 3TB,1.0,4533.9,4533.9
SAS/25-26/7785,DAICHI HDD 6TB,2.0,7118.64,14237.28
SAS/25-26/7785,D-LINK SWITCH DES-1008A  8 PORT GIGA,3.0,1495.76,4487.28
SAS/25-26/7785,D-LINK DGS-F1018P-E 16 PORT UNMANAG,1.0,9110.17,9110.17
SAS/25-26/7785,DOOR LOCK (HV-DL-204),1.0,923.73,923.73
SAS/25-26/7785,DROP BOLT LOCK,3.0,1144.07,3432.21
SAS/25-26/7785,DS-3E0310P-E/M 8+2 PORT POE,2.0,2669.49,5338.98
SAS/25-26/7785,EVM CLASSY WIRELESS MOUSE -B0105,1.0,152.54,152.54
SAS/25-26/7785,EZVIZ HB8-4G -R100,1.0,4491.53,4491.53
SAS/25-26/7785,MAGENETIC LOCK ML-01,5.0,601.69,3008.45
SAS/25-26/7785,HDMI CABLE 1.5 MTR,1.0,29.66,29.66
SAS/25-26/7785,HDMI CABLE 20 MTR.,1.0,338.98,338.98
SAS/25-26/7785,HDMI CABLE 30 MTR.,1.0,610.17,610.17
SAS/25-26/7785,HDMI EXTENDER 60MTR KVM,1.0,1093.22,1093.22
SAS/25-26/7785,HIK VDP ANALOG DS-KIS204T,1.0,3516.95,3516.95
SAS/25-26/7785,HIKVISION 20 AMP SMPS DS-2FA120K-DW-IN,1.0,864.41,864.41
SAS/25-26/7785,HIKVISION 24 PORT SWITCH -DS-3E0326P-E/M,1.0,9194.92,9194.92
SAS/25-26/7785,HIKVISION MICRO SD 256 GB,1.0,1228.81,1228.81
SAS/25-26/7785,HV-SR-602-A,1.0,550.85,550.85
SAS/25-26/7785,HV-SR-F1000 (ACCESS CONTROL SYSTEM),6.0,1923.73,11542.38
SAS/25-26/7785,2U DVR RACK,2.0,258.47,516.94
SAS/25-26/7785,L BRACKET,5.0,135.59,677.95
SAS/25-26/7785,METAL SWITCH MS01,7.0,105.93,741.51
SAS/25-26/7785,MPLAST CABLE TIE 400 MM,3.0,122.88,368.64
SAS/25-26/7785,POE SWITCH BOX,3.0,194.92,584.76
SAS/25-26/7785,POWER ADAPTER 12V/2A W/O PIN,8.0,84.75,678.0
SAS/25-26/7785,PRAMA 2MP IP RANGINVIEW DOME PT-NC123D3-WNM(D2),17.0,2118.64,36016.88
SAS/25-26/7785,PROXIMITY ACCESS CARD,2.0,5.93,11.86
SAS/25-26/7785,PT-NC140D3-WNM(D2) 4MP RANGINVIEW BULLET,11.0,2694.92,29644.12
SAS/25-26/7785,REMOTE SUPPLY,1.0,720.34,720.34
SAS/25-26/7785,U BRACKET,2.0,135.59,271.18
SAS/25-26/7785,WD 4TB HDD PURPLE,1.0,6694.92,6694.92
SAS/25-26/7785,WD 6TB HDD PURPLE,2.0,11050.85,22101.7
SAS/25-26/7785,RJ 45 CONNECTOR,6.0,254.24,1525.44
SAS/25-26/7786,CP UVR-0401E1-IC2 4CH DVR,1.0,1822.03,1822.03
SAS/25-26/7786,CP-URC-DC24PL2C- 2.4MP HD DOME AUDIO CAMERA,5.0,703.39,3516.95
SAS/25-26/7786,CP-URC-TC24PL2C- 2.4MP HD BULLET AUDIO CAMERA,5.0,788.14,3940.7
SAS/25-26/7786,CP 3+1 CABLE 90MTR. (CP-ECC-90RS),2.0,889.83,1779.66
SAS/25-26/7787,REMOTE SUPPLY,1.0,889.83,889.83
SAS/25-26/7788,"CCTV WIRE DAICHI 3+1, ECO-70MTR",2.0,550.85,1101.7
SAS/25-26/7788,CAMERA BOX 4X4,5.0,12.71,63.55
SAS/25-26/7788,6MM CLIP,2.0,21.19,42.38
SAS/25-26/7788,10MM CLIP,1.0,29.66,29.66
SAS/25-26/7789,CP-UVR-0801E1-CV4 8 CHANNEL DVR,1.0,2669.49,2669.49
SAS/25-26/7789,CP-URC-DC24PL3 2.4 MP HD DOME CAMERA,5.0,593.22,2966.1
SAS/25-26/7789,CP-URC-TC24PL3-2.4 MP HD BULLET CAMERA,5.0,635.59,3177.95
SAS/25-26/7789,DAICHI HDD 500GB,2.0,1864.41,3728.82
SAS/25-26/7790,DAICHI HDD 1TB,1.0,4406.78,4406.78
SAS/25-26/7791,"EVM LED MONITOR 17.1""  EVM 175 GRAND",1.0,1525.42,1525.42
SAS/25-26/7791,CP-URC-TC24PL3-2.4 MP HD BULLET CAMERA,3.0,635.59,1906.77
SAS/25-26/7791,CP-URC-DC24PL3 2.4 MP HD DOME CAMERA,1.0,550.85,550.85
SAS/25-26/7791,BNC CONNECTORS,10.0,8.47,84.7
SAS/25-26/7791,6MM CLIP,2.0,21.19,42.38
SAS/25-26/7791,ELECTRICAL TAP ROLL,2.0,8.47,16.94
SAS/25-26/7791,HDMI CABLE 1.5 MTR,1.0,42.37,42.37
SAS/25-26/7791,QS 8CH SMPS,1.0,254.24,254.24
SAS/25-26/7792,DOOR LOCK (HV-DL-206),1.0,1059.32,1059.32
SAS/25-26/7793,2U DVR RACK,5.0,296.61,1483.05
SAS/25-26/7793,DS-KV8413-WME/ 4 BELL OUTDOOR UNIT,1.0,8050.85,8050.85
SAS/25-26/7793,REMOTE SUPPLY,1.0,720.34,720.34
SAS/25-26/7794,DROP BOLT LOCK,1.0,1694.92,1694.92
SAS/25-26/7794,HV-SR-602-A,1.0,635.59,635.59
SAS/25-26/7794,PROXIMITY ACCESS CARD,100.0,8.47,847.0
SAS/25-26/7795,D-LINK SWITCH DES-1005C 5 PORT,5.0,449.15,2245.75
SAS/25-26/7795,D-LINK SWITCH DES-1008 8PORT,5.0,618.64,3093.2
SAS/25-26/7795,D-LINK SWITCH DES-1005A 5 PORT GIGA,5.0,1186.44,5932.2
SAS/25-26/7795,D-LINK SWITCH DES-1008A  8 PORT GIGA,5.0,1525.42,7627.1
SAS/25-26/7796,DOOR LOCK (HV-DL-204),1.0,974.58,974.58
SAS/25-26/7797,"GODREJ 7"" SEE THRU 7 PRO WHITE VDP",1.0,7669.49,7669.49
SAS/25-26/7798,HIK 4CH DVR (DS-7104HGHI-M1/T,1.0,2033.9,2033.9
SAS/25-26/7798,PRAMA HD 2MP DOME (PTHTD70F0E-WPF(M),2.0,911.02,1822.04
SAS/25-26/7798,PRAMA HD 2MP BULLET (PT-HTD11F0E-WPF (M),2.0,966.1,1932.2
SAS/25-26/7798,DAICHI HDD 1TB,1.0,4491.53,4491.53
SAS/25-26/7798,QS 4CH SMPS,1.0,211.86,211.86
SAS/25-26/7798,IRANGE DC PIN,5.0,4.24,21.2
SAS/25-26/7798,BNC CONNECTORS,10.0,8.47,84.7
SAS/25-26/7798,2U DVR RACK,1.0,296.61,296.61
SAS/25-26/7798,CP 3+1 CABLE 90MTR. (CP-ECC-90RS),1.0,864.41,864.41
SAS/25-26/7798,CAMERA BOX 4X4,4.0,12.71,50.84
SAS/25-26/7799,HIK 4CH DVR (DS-7104HGHI-M1/T,1.0,2021.19,2021.19
SAS/25-26/7799,DAICHI HDD 500GB,1.0,1906.78,1906.78
SAS/25-26/7799,HIK HD 2MP BULLET DS-2CE16DOT-LPFS AUDIO,2.0,1101.69,2203.38
SAS/25-26/7799,BNC CONNECTORS,50.0,8.47,423.5
SAS/25-26/7799,QS 4CH SMPS,1.0,211.86,211.86
SAS/25-26/7799,IRANGE 8CH SMPS (IR-81A) - B,1.0,254.24,254.24
SAS/25-26/7799,ECO DS-2CE5AD0T-ITP,1.0,635.59,635.59
SAS/25-26/7800,DAICHI HDD 3TB,1.0,6271.19,6271.19
SAS/25-26/7800,2U DVR RACK,1.0,279.66,279.66
SAS/25-26/7800,HIK 2MP BULLET DS-2CE16DOT-ITPFS (AUDIO),1.0,830.51,830.51
SAS/25-26/7801,BEETEL C-51,1.0,648.31,648.31
SAS/25-26/7801,BEETEL C-11,2.0,398.31,796.62
SAS/25-26/7801,DAICHI POE SWITCH 4+2 CH (DTPOE42N),1.0,805.08,805.08
SAS/25-26/7801,HV-VDP-705,3.0,2754.24,8262.72
SAS/25-26/7802,QS 4CH SMPS,3.0,190.68,572.04
SAS/25-26/7802,QS 8CH SMPS,3.0,233.05,699.15
SAS/25-26/7803,DOOR LOCK (HV-DL-204),1.0,974.58,974.58
SAS/25-26/7803,HIK VDP ANALOG DS-KIS204T,1.0,3771.19,3771.19
SAS/25-26/7803,HV-PS-2A-30,1.0,296.61,296.61
SAS/25-26/7803,CCTV WIRE DAICHI ASTRA 3+1 70MTR COPPER,2.0,635.59,1271.18
SAS/25-26/7804,HIK 32CH NVR ACUSENSE DS-7632NXI-K2,4.0,12711.86,50847.44
SAS/25-26/7805,HIK HD 2MP BULLET DS-2CE16DOT-LPFS AUDIO,3.0,1101.69,3305.07
SAS/25-26/7805,ECO DS-2CE5AD0T-ITP,3.0,635.59,1906.77
SAS/25-26/7805,HIK 16CH DVR ( DS-7116HGHI-M1/T),1.0,4915.25,4915.25
SAS/25-26/7805,DAICHI HDD 1TB,1.0,4449.15,4449.15
SAS/25-26/7805,2U DVR RACK,1.0,296.61,296.61
SAS/25-26/7805,VIDEO BALUN 8 MP,10.0,50.85,508.5
SAS/25-26/7806,HIKVISION DS-K1T320MFWX BIOMETRIC,10.0,3485.59,34855.9
SAS/25-26/7807,DS7764NI-M4,2.0,32627.12,65254.24
SAS/25-26/7807,HIK 32CH NVR ACUSENSE DS-7632NXI-K2,1.0,12288.14,12288.14
SAS/25-26/7808,DS-KV8413-WME/ 4 BELL OUTDOOR UNIT,1.0,8008.47,8008.47
SAS/25-26/7808,"DS-KH6320-WTE1/ 7"" INDOOR TOUCH SCREEN",2.0,4618.64,9237.28
SAS/25-26/7809,CP NVR 8 CH (CP-UNR-108 F1 ),1.0,3177.97,3177.97
SAS/25-26/7809,DAICHI POE SWITCH 4+2 CH (DTPOE42N),1.0,805.08,805.08
SAS/25-26/7809,HIKVISION MICRO SD 64GB,1.0,529.66,529.66
SAS/25-26/7810,HIK IP 4MP DS-2CD1041GO-I  BULLET,20.0,2711.86,54237.2
SAS/25-26/7810,HIK 32CH NVR DS-7732NXI-K4 (4 SATA),1.0,21694.92,21694.92
SAS/25-26/7811,HV-VDP-705,2.0,2754.24,5508.48
SAS/25-26/7812,CAMERA BOX 4X4,10.0,12.71,127.1
SAS/25-26/7812,BNC CONNECTORS,50.0,7.63,381.5
SAS/25-26/7813,CP-UVR-0801E1-CV4 8 CHANNEL DVR,1.0,2754.24,2754.24
SAS/25-26/7814,HIK 4CH DVR (DS-7104HGHI-M1/T,5.0,2042.37,10211.85
SAS/25-26/7814,HIK 8CH DVR (DS-7108HGHI-M1-T,5.0,2983.05,14915.25
SAS/25-26/7814,ECO DS-2CE1ADOT-ITP,10.0,693.22,6932.2
SAS/25-26/7814,HIK HD 2MP DOME DS-2CE76DOT-LPFS AUDIO,5.0,1027.97,5139.85
SAS/25-26/7814,HIK 3K 5MP BULLET (DS-2CE10KFOT-PFS) MIC COLOUR,5.0,2070.34,10351.7
SAS/25-26/7814,HIK 2MP DOME DS-2CED76DOT-ITPFS 2.8MM,10.0,760.17,7601.7
SAS/25-26/7814,HIK 2MP BULLET DS-2CE16DOT-ITPFS (AUDIO),10.0,845.76,8457.6
SAS/25-26/7814,HIKVISION 4CH NVR DS-7104NI-Q1/M,5.0,3243.22,16216.1
qs2,DS-3E0310P-E/M 8+2 PORT POE,2.0,3644.07,7288.14
qs2,HIK VDP ANALOG DS-KIS204T,1.0,4000.0,4000.0
SAS/25-26/7815,HIK 4CH DVR (DS-7104HGHI-M1/T,1.0,2042.37,2042.37
SAS/25-26/7815,DAICHI PVC WIRE CAT 6 CCA 100MTR ECO,1.0,847.46,847.46
SAS/25-26/7815,HIK HD 2MP DOME DS-2CE76DOT-LPFS AUDIO,2.0,1029.66,2059.32
SAS/25-26/7815,DAICHI HDD 500GB,1.0,1906.78,1906.78
SAS/25-26/7816,CP-UNR-4K2161-V4-16CH NVR,1.0,4872.88,4872.88
SAS/25-26/7816,CP XVR 16CH (CP-UVR-1601E1-IC)-H.265 2MP,1.0,4364.41,4364.41
SAS/25-26/7816,IDS-7208HUHI-M1/X,1.0,7711.86,7711.86
SAS/25-26/7817,CAMERA BOX 4X4,6.0,12.71,76.26
SAS/25-26/7818,HV-SR-602-A,1.0,635.59,635.59
SAS/25-26/7818,PROXIMITY ACCESS CARD,5.0,8.47,42.35
SAS/25-26/7819,HIK 2MP DOME DS-2CED76DOT-ITPFS 2.8MM,2.0,800.85,1601.7
SAS/25-26/7819,DVR BOX,1.0,296.61,296.61
SAS/25-26/7820,SECUREYE WIFI 4G ROUTER,1.0,1228.81,1228.81
SAS/25-26/7820,BNC CONNECTORS,20.0,8.47,169.4
SAS/25-26/7820,IRANGE DC PIN,10.0,4.24,42.4
SAS/25-26/7820,CAMERA BOX  5X5,8.0,21.19,169.52
SAS/25-26/7821,ESSL K 90 PRO,1.0,3898.31,3898.31
SAS/25-26/7822,HV-SR-602-A,5.0,635.59,3177.95
SAS/25-26/7823,REMOTE SUPPLY,1.0,889.83,889.83
SAS/25-26/7824,CP-UVR-0801E1-CV4 8 CHANNEL DVR,1.0,2711.86,2711.86
SAS/25-26/7825,DAICHI HDD 500GB,1.0,1906.78,1906.78
SAS/25-26/7826,PRAMA 2MP IP RANGINVIEW DOME PT-NC123D3-WNM(D2),27.0,2218.64,59903.28
SAS/25-26/7826,PRAMA 2MP IP RANGINVIEW BULLET PT-NC-120D3-WNM,18.0,2253.39,40561.02
SAS/25-26/7826,PT-NC143D3-WNM(D2) 4MP RANGINVIEW DOME,27.0,2783.9,75165.3
SAS/25-26/7826,PT-NC140D3-WNM(D2) 4MP RANGINVIEW BULLET,18.0,2827.97,50903.46
SAS/25-26/7827,IDS-7108HQHI-M1/S,2.0,4683.9,9367.8
SAS/25-26/7827,IDS-7116HQHI-M1/S,1.0,8084.75,8084.75
SAS/25-26/7828,HIK HD 2MP DOME DS-2CE76DOT-LPFS AUDIO,4.0,1016.95,4067.8
SAS/25-26/7828,HIK 16CH NVR (DS-7116NI-Q1/M),1.0,5152.54,5152.54
SAS/25-26/7828,WD 2TB HDD PURPLE,1.0,6525.42,6525.42
SAS/25-26/7828,DAICHI POE SWITCH 8+2 CH (DTPOE82N),2.0,1059.32,2118.64
SAS/25-26/7828,HDMI CABLE 5 MTR.,1.0,110.17,110.17
SAS/25-26/7829,CP 4 PORT UPLINK POE (CP-DNW-HPU4H2-48-V2),1.0,889.83,889.83
SAS/25-26/7829,CP UVR-0401E1-IC2 4CH DVR,1.0,1813.56,1813.56
SAS/25-26/7829,"EVM LED MONITOR 18.5"" EVM 190 GRAND LED",1.0,1813.56,1813.56
SAS/25-26/7829,CP PLUS 4MP (CP-Z43A),2.0,2966.1,5932.2
SAS/25-26/7829,HIKVISION MICRO SD 64GB,2.0,529.66,1059.32
SAS/25-26/7830,HIK 2MP BULLET DS-2CE16DOT-ITPFS (AUDIO),10.0,847.46,8474.6
SAS/25-26/7830,HIK 4CH DVR (DS-7104HGHI-M1/T,1.0,2042.37,2042.37
SAS/25-26/7830,HIK 5MP DOME (DS-2CE76H0T-ITPFS) AUDIO,5.0,1169.49,5847.45
SAS/25-26/7830,ECO DS-2CE5AD0T-ITP,5.0,635.59,3177.95
SAS/25-26/7830,CP UVR-0401E1-IC2 4CH DVR,1.0,1864.41,1864.41
SAS/25-26/7830,ECO DS-2CE1ADOT-ITP,5.0,694.92,3474.6
SAS/25-26/7831,QS 4CH SMPS,150.0,211.86,31779.0
SAS/25-26/7831,QS 8CH SMPS,150.0,254.24,38136.0
SAS/25-26/7831,HIK 4CH DVR (DS-7104HGHI-M1/T,20.0,1872.88,37457.6
SAS/25-26/7831,HIK 8CH DVR (DS-7108HGHI-M1-T,20.0,2727.12,54542.4
SAS/25-26/7831,HIK 16CH DVR ( DS-7116HGHI-M1/T),10.0,4618.64,46186.4
SAS/25-26/7831,PT-NC143D3-WNM(D2) 4MP RANGINVIEW DOME,27.0,2817.8,76080.6
SAS/25-26/7831,HIK 32CH NVR ACUSENSE DS-7632NXI-K2,1.0,12711.86,12711.86
SAS/25-26/7831,HIKVISION 10 AMP SMPS DA-2FA120A-DW-IN,60.0,533.9,32034.0
SAS/25-26/7831,HIKVISION 5AMP SMPS DS-2FA1205-DW-IN,50.0,381.36,19068.0
SAS/25-26/7832,HIK 16CH DVR ( DS-7116HGHI-M1/T),3.0,4894.07,14682.21
SAS/25-26/7833,HIK 4CH DVR (DS-7104HGHI-M1/T,1.0,2042.37,2042.37
SAS/25-26/7833,HIK HD 2MP BULLET DS-2CE16DOT-LPFS AUDIO,1.0,1101.69,1101.69
SAS/25-26/7834,"16CH. NVR  (1HDD,H.265+. 4K) PRAMA PT-NR2A16-Q1",13.0,4152.54,53983.02
SAS/25-26/7835,DAICHI HDD 1TB,1.0,4491.53,4491.53
SAS/25-26/7835,HIK 3K 5MP BULLET (DS-2CE10KFOT-PFS) MIC COLOUR,2.0,2076.27,4152.54
SAS/25-26/7836,DAICHI HDD 500GB,1.0,1949.15,1949.15
SAS/25-26/7836,2U DVR RACK,1.0,271.19,271.19
SAS/25-26/7837,60-120 CAMERA STAND,1.0,550.85,550.85
SAS/25-26/7838,CP PLUS CAT 6 ( CP-EUT-6TGL1-305) 23AWG,2.0,5762.71,11525.42
SAS/25-26/7838,6MM CLIP,9.0,19.49,175.41
SAS/25-26/76aaa,HIKVISION DS-2CD1T23GO-I 6MM,17.0,3474.58,59067.86
SAS/25-26/76aaa,(029/SKU) CCTV CAMERA DS-2CD3156G2-IS 5 MP,11.0,7627.12,83898.32
SAS/25-26/76aaa,IP 2MP VANDAL DOME DS-2CD3121GO-I,9.0,3474.58,31271.22
SAS/25-26/76aaa,IP 2MP VANDAL DOME DS-2CD3121GO-I,2.0,3474.58,6949.16
SAS/25-26/76aaa,HIK DS-2ED3021G2-EI BULLET CAMERA,6.0,3474.58,20847.48
SAS/25-26/76aaa,4 MP IP DOME DS-2CD3341GOE-I,4.0,3983.05,15932.2
SAS/25-26/7839,IDS-7116HQHI-M1/S,1.0,8084.75,8084.75
SAS/25-26/7839,HIK 2MP DOME DS-2CED76DOT-ITPFS 2.8MM,3.0,760.17,2280.51
SAS/25-26/7840,HV-SR-F1000 (ACCESS CONTROL SYSTEM),2.0,2033.9,4067.8
SAS/25-26/7841,DOOR LOCK (HV-DL-204),1.0,974.58,974.58
SAS/25-26/7842,8CH. NVR Q1 PT-NR2A08-Q1,1.0,3590.68,3590.68
SAS/25-26/7843,DAICHI HDD 3TB,1.0,6355.93,6355.93
SAS/25-26/7844,D LINK CAT 6 ROLL 305MTR,1.0,7372.88,7372.88
SAS/25-26/7845,REMOTE SUPPLY,1.0,889.83,889.83
SAS/25-26/7846,CP NVR 4 CH ( CP-UNR-104 F1 ),1.0,2593.22,2593.22
SAS/25-26/7846,CP 4 PORT UPLINK POE (CP-DNW-HPU4H2-48-V2),1.0,783.9,783.9
SAS/25-26/7847,HIK 32CH NVR ACUSENSE DS-7632NXI-K2,4.0,12288.14,49152.56
SAS/25-26/7847,HIK 32CH NVR DS-7732NXI-K4 (4 SATA),5.0,22457.63,112288.15
SAS/25-26/7848,TENDA WIRELESS ROUTER N301,1.0,720.34,720.34
SAS/25-26/7849,DOOR LOCK (HV-DL-204),1.0,1271.19,1271.19
SAS/25-26/7849,RE7 VDP TOUCH,1.0,9322.03,9322.03
SAS/25-26/7850,DAICHI HDD 500GB,1.0,1906.78,1906.78
SAS/25-26/7851,ESSL K 90 PRO,1.0,3898.31,3898.31
SAS/25-26/7851,DOOR LOCK (HV-DL-204),1.0,932.2,932.2
SAS/25-26/7851,PROXIMITY ACCESS CARD,100.0,8.47,847.0
SAS/25-26/7852,CP PLUS EZYKAM 4G PT SOLAR CAM CP-Z44R,3.0,5762.71,17288.13
SAS/25-26/7853,16CH. DVR ECO PRAMA PT-DR1A16G-K1,1.0,4815.25,4815.25
SAS/25-26/7853,CP-URC-DC24PL3 2.4 MP HD DOME CAMERA,2.0,550.85,1101.7
SAS/25-26/7854,DAICHI HDD 1TB,1.0,4491.53,4491.53
SAS/25-26/7855,HONEYWELL 40CH NVR-I-HNR-1440,2.0,26271.19,52542.38
SAS/25-26/7856,ECO DS-2CE1ADOT-ITP,1.0,694.92,694.92
SAS/25-26/7857,PROXIMITY ACCESS CARD,100.0,6.78,678.0
SAS/25-26/7858,PT-NR2A04-Q1,4.0,3305.08,13220.32
SAS/25-26/7858,CP PLUS 4PORT POE (CP-DNW-GPU4G2-48),5.0,1779.66,8898.3
SAS/25-26/7858,HIKVISION CAT 6 305 MTR,10.0,6694.92,66949.2
SAS/25-26/7859,"H6C (4MP,W1)",4.0,3093.22,12372.88
SAS/25-26/7860,HIK 8CH DVR (DS-7108HGHI-M1-T,1.0,3008.47,3008.47
SAS/25-26/7860,CP-URC-DC24PL3 2.4 MP HD DOME CAMERA,2.0,550.85,1101.7
SAS/25-26/7860,CP-URC-TC24PL3-2.4 MP HD BULLET CAMERA,2.0,635.59,1271.18
SAS/25-26/7861,DS-KIS602 VDP,8.0,11889.83,95118.64
SAS/25-26/7862,DAICHI HDD 500GB,1.0,1949.15,1949.15
SAS/25-26/7863,PT-NC140D3-WNM(D2) 4MP RANGINVIEW BULLET,10.0,2892.37,28923.7
SAS/25-26/7863,PT-NC143D3-WNM(D2) 4MP RANGINVIEW DOME,9.0,2847.46,25627.14
SAS/25-26/7863,HIK 32CH NVR ACUSENSE DS-7632NXI-K2,1.0,12542.37,12542.37
SAS/25-26/7863,HIK 16CH NVR DS-7616NXI-K2 (2 SATA),1.0,9067.8,9067.8
SAS/25-26/7863,8CH. NVR Q1 PT-NR2A08-Q1,1.0,3590.68,3590.68
SAS/25-26/7864,PRAMA 2MP IP RANGINVIEW DOME PT-NC123D3-WNM(D2),16.0,2203.39,35254.24
SAS/25-26/7864,HIK 32CH NVR ACUSENSE DS-7632NXI-K2,1.0,13135.59,13135.59
SAS/25-26/7865,CP PLUS 4PORT POE (CP-DNW-GPU4G2-48),1.0,1822.03,1822.03
SAS/25-26/7866,CP-URC-DC24PL3 2.4 MP HD DOME CAMERA,23.0,550.85,12669.55
SAS/25-26/7866,2U DVR RACK,1.0,296.61,296.61
SAS/25-26/7866,CCL-EPBAX 216,1.0,6271.19,6271.19
SAS/25-26/7866,PVC TAPE BIG,2.0,16.95,33.9
SAS/25-26/7867,HIKVISION DS-K1T320MFWX BIOMETRIC,3.0,3550.85,10652.55
SAS/25-26/7867,IDS-7216HUHI-M1/T,3.0,10296.61,30889.83
SAS/25-26/7868,TENDA OUTDOOR CPE 500M(TE-01),2.0,2033.9,4067.8
SAS/25-26/7869,QS 4CH SMPS,1.0,211.86,211.86
SAS/25-26/7870,DAICHI POE SWITCH 8+2 FG(DIPOE82G),5.0,2372.88,11864.4
SAS/25-26/7870,QS 4CH SMPS,20.0,211.86,4237.2
SAS/25-26/7870,QS 8CH SMPS,20.0,254.24,5084.8
SAS/25-26/7870,HIKVISION 20 AMP SMPS DS-2FA120K-DW-IN,2.0,923.73,1847.46
SAS/25-26/7871,PT-NC143D3-WNM(D2) 4MP RANGINVIEW DOME,4.0,2816.1,11264.4
SAS/25-26/7872,HIK 16CH NVR ACUSENCE (DS-7616NXI-K1),1.0,7847.46,7847.46
SAS/25-26/7873,2U DVR RACK,2.0,296.61,593.22
SAS/25-26/7873,8CH. DVR ECO PRAMA PT-DR1A08G-K1,1.0,2415.25,2415.25
SAS/25-26/7873,CAMERA BOX 4X4,16.0,12.71,203.36
SAS/25-26/7873,BNC CONNECTORS,20.0,8.47,169.4
SAS/25-26/7873,IRANGE DC PIN,10.0,4.24,42.4
SAS/25-26/7873,DAICHI CAT 6 COPPER 100MTR- DCAT6100I,1.0,1779.66,1779.66
SAS/25-26/7874,HV-SR-602-A,1.0,635.59,635.59
SAS/25-26/7874,PROXIMITY ACCESS CARD,10.0,8.47,84.7
SAS/25-26/7875,PT-NC143D3-WNM(D2) 4MP RANGINVIEW DOME,2.0,2966.1,5932.2
SAS/25-26/7875,TENDA OUTDOOR CPE 2.4 GHZ (TE-O3) 5 KM,2.0,3601.69,7203.38
SAS/25-26/7875,D-LINK SWITCH DES-1008A  8 PORT GIGA,1.0,1694.92,1694.92
SAS/25-26/7875,HIKVISION CAT 6 305 MTR,1.0,7203.39,7203.39
SAS/25-26/7876,PT-NC140D3-WNM(D2) 4MP RANGINVIEW BULLET,2.0,2881.36,5762.72
SAS/25-26/7876,PT-NC143D3-WNM(D2) 4MP RANGINVIEW DOME,2.0,2838.98,5677.96
SAS/25-26/7876,IRANGE 4U-NETWORK RACK (550X400MM) NEW,1.0,593.22,593.22
SAS/25-26/7876,CAMERA BOX  5X5,5.0,21.19,105.95
SAS/25-26/7876,CAMERA BOX 4X4,2.0,12.71,25.42
SAS/25-26/7876,"16CH. NVR  (1HDD,H.265+. 4K) PRAMA PT-NR2A16-Q1",1.0,4203.39,4203.39
SAS/25-26/7877,DAICHI HDD 1TB,2.0,4406.78,8813.56
SAS/25-26/7878,BEETEL C-51,9.0,661.02,5949.18
SAS/25-26/7879,DAICHI HDD 1TB,1.0,4491.53,4491.53
SAS/25-26/7879,IDS-7108HQHI-M1/S,1.0,4661.02,4661.02
SAS/25-26/7880,IDS-7108HQHI-M1/S,1.0,4661.02,4661.02
SAS/25-26/7880,HIK 5MP DOME (DS-2CE76H0T-ITPFS) AUDIO,4.0,1177.97,4711.88
SAS/25-26/7880,HIK 5MP HD BULLET (DS-2CE16KOT-LPFS)-3K,2.0,1500.0,3000.0
SAS/25-26/7880,HIK 5MP HD DOME (DS-2CE76KOT-LPFS)-3K,2.0,1436.44,2872.88
SAS/25-26/7880,CAMERA BOX 4X4,30.0,12.71,381.3
SAS/25-26/7880,2U DVR RACK,4.0,296.61,1186.44
SAS/25-26/7880,D-LINK STANDARD 3+1 90MTR. CABLE,2.0,932.2,1864.4
SAS/25-26/7880,QS 8CH SMPS,1.0,254.24,254.24
SAS/25-26/7881,IRANGE 4U-NETWORK RACK (550X400MM) NEW,1.0,508.47,508.47
SAS/25-26/7881,HDMI CABLE 20 MTR.,1.0,466.1,466.1
SAS/25-26/7881,USB 15.00MTR MALE FEMALE,1.0,593.22,593.22
SAS/25-26/7881,USB 20MTR MALE FEMALE,1.0,720.34,720.34
SAS/25-26/7882,CP PLUS 4PORT POE (CP-DNW-GPU4G2-48),2.0,1822.03,3644.06
SAS/25-26/7882,CP-UNR-4K2161-V4-16CH NVR,1.0,4915.25,4915.25
SAS/25-26/7882,DVR BOX,2.0,296.61,593.22
SAS/25-26/7883,ECO DS-2CE1ADOT-ITP,1.0,694.92,694.92
SAS/25-26/7883,CAMERA BOX  5X5,3.0,21.19,63.57
SAS/25-26/7884,"H6C (4MP,W1)",1.0,3220.34,3220.34
SAS/25-26/7884,PT-NC140D3-WNM(D2) 4MP RANGINVIEW BULLET,7.0,2838.98,19872.86
SAS/25-26/7884,PT-NC143D3-WNM(D2) 4MP RANGINVIEW DOME,6.0,2796.61,16779.66
SAS/25-26/7884,RJ 45 CONNECTOR,1.0,296.61,296.61
SAS/25-26/7884,HIK 16CH NVR (DS-7116NI-Q1/M),1.0,5093.22,5093.22
SAS/25-26/7884,4K HDMI CABLE 5MTR.,1.0,211.86,211.86
SAS/25-26/7884,IRANGE 4U-NETWORK RACK (550X400MM) NEW,1.0,593.22,593.22
SAS/25-26/7884,CAMERA BOX 4X4,13.0,12.71,165.23
SAS/25-26/7884,POWER EXTEN. BOARD 6+1 (1.5 YARD),1.0,118.64,118.64
SAS/25-26/7884,HIKVISION MICRO SD 64GB,1.0,635.59,635.59
SAS/25-26/7885,8CH. NVR Q1 PT-NR2A08-Q1,1.0,3601.69,3601.69
SAS/25-26/7885,PT-NC140D3-WNM(D2) 4MP RANGINVIEW BULLET,2.0,2881.36,5762.72
SAS/25-26/7885,PT-NC143D3-WNM(D2) 4MP RANGINVIEW DOME,2.0,2838.98,5677.96
SAS/25-26/7885,DAICHI POE SWITCH 8+2 FG(DIPOE82G),1.0,2372.88,2372.88
SAS/25-26/7885,CAMERA BOX  5X5,4.0,21.19,84.76
SAS/25-26/7885,RJ 45 CONNECTOR,1.0,296.61,296.61
SAS/25-26/7886,PT-NC143D3-WNM(D2) 4MP RANGINVIEW DOME,10.0,2881.36,28813.6
SAS/25-26/7886,HIK 16CH NVR DS-7616NXI-K2 (2 SATA),1.0,9152.54,9152.54
SAS/25-26/7886,HIK VDP ANALOG DS-KIS205T,4.0,4025.42,16101.68
SAS/25-26/7887,RJ 45 CONNECTOR,1.0,296.61,296.61
SAS/25-26/7888,HIK 16CH DVR ( DS-7116HGHI-M1/T),1.0,4894.07,4894.07
SAS/25-26/7888,HIK HD 2MP BULLET DS-2CE16DOT-LPFS AUDIO,1.0,1050.85,1050.85
SAS/25-26/7888,HIK 2MP DOME DS-2CED76DOT-ITPFS 2.8MM,1.0,737.29,737.29
SAS/25-26/7889,HIKVISION 20 AMP SMPS DS-2FA120K-DW-IN,20.0,843.22,16864.4
SAS/25-26/7890,PRAMA 2MP IP RANGINVIEW BULLET PT-NC-120D3-WNM,10.0,2262.71,22627.1
SAS/25-26/7891,CP UVR-0401E1-IC2 4CH DVR,1.0,1847.46,1847.46
SAS/25-26/7891,CP-URC-DC24PL2C- 2.4MP HD DOME AUDIO CAMERA,2.0,720.34,1440.68
SAS/25-26/7891,CP-URC-DC24PL3 2.4 MP HD DOME CAMERA,2.0,593.22,1186.44
SAS/25-26/7891,DAICHI HDD 500GB,1.0,1906.78,1906.78
SAS/25-26/7891,IRANGE DC PIN,50.0,4.24,212.0
SAS/25-26/7891,CAMERA BOX 4X4,10.0,12.71,127.1
SAS/25-26/7891,DVR BOX,1.0,296.61,296.61
SAS/25-26/7892,CP UVR-0401E1-IC2 4CH DVR,5.0,1809.32,9046.6
SAS/25-26/7892,CP XVR 16CH (CP-UVR-1601E1-IC)-H.265 2MP,2.0,4338.98,8677.96
SAS/25-26/7892,HIK 4CH DVR (DS-7104HGHI-M1/T,5.0,1949.15,9745.75
SAS/25-26/7892,CP-Z43Q 4MP WIFI PT CAMERA,5.0,2228.81,11144.05
SAS/25-26/7892,ECO DS-2CE1ADOT-ITP,10.0,669.49,6694.9
SAS/25-26/7892,ECO DS-2CE5AD0T-ITP,10.0,610.17,6101.7
SAS/25-26/7892,HIK 2MP BULLET DS-2CE16DOT-ITPFS (AUDIO),10.0,813.56,8135.6
SAS/25-26/7892,HIK 2MP DOME DS-2CED76DOT-ITPFS 2.8MM,10.0,728.81,7288.1
SAS/25-26/7892,HIK HD 2MP BULLET DS-2CE16DOT-LPFS AUDIO,15.0,1038.14,15572.1
SAS/25-26/7892,HIK HD 2MP DOME DS-2CE76DOT-LPFS AUDIO,5.0,987.29,4936.45
SAS/25-26/7892,RJ 45 CONNECTOR,8.0,296.61,2372.88
SAS/25-26/7893,ESSL K 90 PRO,1.0,3898.31,3898.31
SAS/25-26/7894,BNC CONNECTORS,50.0,8.47,423.5
SAS/25-26/7895,REMOTE SUPPLY,10.0,720.34,7203.4
SAS/25-26/7895,REMOTE OEM,20.0,169.49,3389.8
SAS/25-26/7895,DS-2CD1343G2-LIU,4.0,5762.71,23050.84
SAS/25-26/7895,DAICHI POE SWITCH 8+2 FG(DIPOE82G),1.0,2627.12,2627.12
SAS/25-26/7895,DVR BOX,1.0,296.61,296.61
SAS/25-26/7896,CP PLUS CAT 6 ( CP-EUT-6TGL1-305) 23AWG,1.0,5508.47,5508.47
SAS/25-26/7896,CP UTP 24AWG CAT-6 100 MTR. (CP-EUT-6TGL23-100),2.0,2118.64,4237.28
SAS/25-26/7896,CAMERA BOX  5X5,50.0,21.19,1059.5
SAS/25-26/7896,IRANGE 4U-NETWORK RACK (550X400MM) NEW,1.0,550.85,550.85
SAS/25-26/7896,POE SWITCH BOX,5.0,254.24,1271.2
SAS/25-26/7897,CP NVR 4 CH ( CP-UNR-104 F1 ),1.0,2669.49,2669.49
SAS/25-26/789A,PRAMA 2MP IP RANGINVIEW BULLET PT-NC-120D3-WNM,4.0,2253.39,9013.56
SAS/25-26/789A,PRAMA 2MP IP RANGINVIEW DOME PT-NC123D3-WNM(D2),10.0,2218.64,22186.4
SAS/25-26/789A,HIK 16CH NVR DS-7616NXI-K2 (2 SATA),1.0,8050.85,8050.85
SAS/25-26/789A,CP PLUS 16CH POE GIGA DNW-GPU16G2-F2-20,1.0,8050.85,8050.85
SAS/25-26/789A,WD 6TB HDD PURPLE,2.0,12711.86,25423.72
SAS/25-26/789A,CAMERA BOX  5X5,14.0,21.19,296.66
SAS/25-26/789A,IRANGE 4U-NETWORK RACK (550X400MM) NEW,2.0,593.22,1186.44
SAS/25-26/789A,HIKVISION CAT 6 305 MTR,1.0,6652.54,6652.54
SAS/25-26/7898,HIK VDP ANALOG DS-KIS205T,2.0,3728.81,7457.62
SAS/25-26/7899,CP PLUS 4PORT POE (CP-DNW-GPU4G2-48),1.0,1822.03,1822.03
SAS/25-26/7899,DVR BOX,1.0,296.61,296.61
SAS/25-26/7900,HIKVISION DS-K1T320MFWX BIOMETRIC,1.0,3813.56,3813.56
SAS/25-26/7901,ECO DS-2CE5AD0T-ITP,6.0,614.41,3686.46
SAS/25-26/7901,HIK 4CH DVR (DS-7104HGHI-M1/T,2.0,1978.81,3957.62
SAS/25-26/7902,EZVIZ 4MP CS-TY1,5.0,3050.85,15254.25
SAS/25-26/7903,D-LINK STANDARD 3+1 90MTR. CABLE,1.0,915.25,915.25
SAS/25-26/7903,VIDEO BALUN 8 MP,6.0,59.32,355.92
SAS/25-26/7904,DS7764NI-M4,1.0,33983.05,33983.05
SAS/25-26/7905,2U DVR RACK,1.0,296.61,296.61
SAS/25-26/7905,PVC TAPE BIG,1.0,25.42,25.42
SAS/25-26/7905,BNC CONNECTORS,12.0,8.47,101.64
SAS/25-26/7906,U BRACKET,1.0,211.86,211.86
SAS/25-26/7907,32CH NVR (2HDD AISENSE NVR)PT-NRAS2B32-K4,1.0,16737.29,16737.29
SAS/25-26/7908,8CH. NVR Q1 PT-NR2A08-Q1,1.0,3571.19,3571.19
SAS/25-26/7908,PT-NC143D3-WNM(D2) 4MP RANGINVIEW DOME,5.0,2838.98,14194.9
SAS/25-26/7908,PT-NC140D3-WNM(D2) 4MP RANGINVIEW BULLET,2.0,2881.36,5762.72
SAS/25-26/7908,DAICHI HDD 1TB,1.0,4491.53,4491.53
SAS/25-26/7908,DAICHI HDD 500GB,2.0,1949.15,3898.3
SAS/25-26/7909,DOOR LOCK (HV-DL-204),3.0,949.15,2847.45
SAS/25-26/7909,HV-SR-602-A,3.0,593.22,1779.66
SAS/25-26/7910,CP NVR 8 CH (CP-UNR-108 F1 ),1.0,3177.97,3177.97
SAS/25-26/7910,CP-UNC-DA21PL3C-L-Y 2 MP AUDIO NETWORK DOME CAMERA,8.0,2161.02,17288.16
SAS/25-26/7911,HIKVISION CAT 6 305 MTR,2.0,6652.54,13305.08
SAS/25-26/7912,D-LINK SWITCH DES-1005C 5 PORT,1.0,466.1,466.1
SAS/25-26/7913,TENDA WIRELESS ROUTER N301,1.0,720.34,720.34
SAS/25-26/7914,CP NVR 8 CH (CP-UNR-108 F1 ),2.0,3177.97,6355.94
SAS/25-26/7914,CP-UNR-4K2161-V4-16CH NVR,2.0,4872.88,9745.76
SAS/25-26/7914,CP XVR 16CH (CP-UVR-1601E1-IC)-H.265 2MP,1.0,4364.41,4364.41
SAS/25-26/7914,CP 4 MP IP BULLET (CP UNC- TA41PL3C-L-Y)DUAL,1.0,2923.73,2923.73
SAS/25-26/7914,HIK 4CH DVR (DS-7104HGHI-M1/T,5.0,1978.81,9894.05
SAS/25-26/7914,HIK 8CH DVR (DS-7108HGHI-M1-T,5.0,2889.83,14449.15
SAS/25-26/7914,DAICHI HDD 4TB,1.0,7203.39,7203.39
SAS/25-26/7915,HIK 5MP HD BULLET (DS-2CE16KOT-LPFS)-3K,2.0,1483.05,2966.1
SAS/25-26/7916,RJ 45 CONNECTOR,1.0,296.61,296.61
SAS/25-26/7916,HIKVISION 305 MTR CAT6 CCA,1.0,4152.54,4152.54
SAS/25-26/7917,CP UTP 24AWG CAT-6 100 MTR. (CP-EUT-6TGL23-100),1.0,1991.53,1991.53
SAS/25-26/7917,HIKVISION 10 AMP SMPS DA-2FA120A-DW-IN,1.0,593.22,593.22
SAS/25-26/7917,HIK 2MP BULLET DS-2CE16DOT-ITPFS (AUDIO),2.0,813.56,1627.12
SAS/25-26/7918,IDS-7104HQHI-M1/S,2.0,3135.59,6271.18
SAS/25-26/7918,DAICHI HDD 3TB,1.0,6186.44,6186.44
SAS/25-26/7919,CP-URC-DC24PL3 2.4 MP HD DOME CAMERA,5.0,550.85,2754.25
SAS/25-26/7919,CP-URC-TC24PL2C- 2.4MP HD BULLET AUDIO CAMERA,5.0,635.59,3177.95
SAS/25-26/7919,QS 8CH SMPS,5.0,254.24,1271.2
SAS/25-26/7919,QS 4CH SMPS,5.0,211.86,1059.3
SAS/25-26/7920,CP NVR 8 CH (CP-UNR-108 F1 ),1.0,3135.59,3135.59
SAS/25-26/7920,HDMI CABLE 3 MTR.,1.0,76.27,76.27
SAS/25-26/7920,BNC CONNECTORS,1.0,8.47,8.47
SAS/25-26/7921,CP 3+1 CABLE 90MTR. (CP-ECC-90RS),1.0,889.83,889.83
SAS/25-26/7921,BNC CONNECTORS,30.0,8.47,254.1
SAS/25-26/7921,CAMERA BOX 4X4,4.0,12.71,50.84
SAS/25-26/7922,D-LINK STANDARD 3+1 90MTR. CABLE,1.0,932.2,932.2
SAS/25-26/7923,"GODREJ 7"" SEE THRU 7 PRO WHITE VDP",1.0,7542.37,7542.37
SAS/25-26/7924,CP-Z43Q 4MP WIFI PT CAMERA,2.0,2245.76,4491.52
SAS/25-26/7924,SECUREYE WIFI 4G ROUTER,1.0,1186.44,1186.44
SAS/25-26/7925,IDS-7216HUHI-M1/T,1.0,10826.27,10826.27
SAS/25-26/7926,HIK 16CH DVR ( DS-7116HGHI-M1/T),1.0,5000.0,5000.0
SAS/25-26/7927,D-LINK SWITCH DGS-1016D 16 PORT GIGA,1.0,3940.68,3940.68
SAS/25-26/7927,D-LINK SWITCH DES-1008 8PORT,1.0,635.59,635.59
SAS/25-26/7928,HIK 8CH NVR (DS-7608NXI-K1),1.0,6440.68,6440.68
SAS/25-26/7928,CP 4 PORT UPLINK POE (CP-DNW-HPU4H2-48-V2),2.0,889.83,1779.66
SAS/25-26/7928,"H6C (4MP,W1)",1.0,3220.34,3220.34
SAS/25-26/7928,CP 4 MP IP BULLET (CP UNC- TA41PL3C-L-Y)DUAL,2.0,3050.85,6101.7
SAS/25-26/7928,POE SWITCH BOX,1.0,254.24,254.24
SAS/25-26/7928,2U DVR RACK,1.0,296.61,296.61
SAS/25-26/7929,ESSL K 90 PRO,2.0,3898.31,7796.62
SAS/25-26/7929,DOOR LOCK (HV-DL-204),1.0,974.58,974.58
SAS/25-26/7929,DOOR LOCK (HV-DL-206),1.0,1059.32,1059.32
SAS/25-26/7930,D LINK CAT 6 UTP 100 MTR,1.0,2966.1,2966.1
SAS/25-26/7931,DVR CELL,6.0,12.71,76.26
SAS/25-26/7932,ESSL K 90 PRO,1.0,3898.31,3898.31
SAS/25-26/7932,DOOR LOCK (HV-DL-204),1.0,932.2,932.2
SAS/25-26/7933,D-LINK STANDARD 3+1 90MTR. CABLE,4.0,932.2,3728.8
SAS/25-26/7933,HIK HD 2MP DOME DS-2CE76DOT-LPFS AUDIO,5.0,1016.95,5084.75
SAS/25-26/7933,CAMERA BOX 4X4,25.0,12.71,317.75
SAS/25-26/7933,BNC CONNECTORS,100.0,8.47,847.0
SAS/25-26/7933,IRANGE DC PIN,100.0,4.24,424.0
SAS/25-26/7934,CP HD BULLET 5MP(CP-GPC-TA50PL2-SE)GUARD,3.0,1652.54,4957.62
SAS/25-26/7934,2U DVR RACK,1.0,296.61,296.61
SAS/25-26/7934,CP 3+1 CABLE 90MTR. (CP-ECC-90RS),1.0,932.2,932.2
SAS/25-26/7934,CAMERA BOX 4X4,4.0,12.71,50.84
SAS/25-26/7934,BNC CONNECTORS,10.0,8.47,84.7
SAS/25-26/7934,IRANGE DC PIN,10.0,4.24,42.4
SAS/25-26/7934,QS 4CH SMPS,1.0,211.86,211.86
SAS/25-26/7934,CP XVR 4 CH(CP-UVR-0401F1-IC2)H.265 5MP,1.0,2711.86,2711.86
SAS/25-26/7934,DAICHI HDD 1TB,1.0,4449.15,4449.15
SAS/25-26/7934,HDMI CABLE 5 MTR.,1.0,110.17,110.17
SAS/25-26/7935,DAICHI POE SWITCH 8+2 FG(DIPOE82G),1.0,2372.88,2372.88
SAS/25-26/7935,8CH. NVR Q1 PT-NR2A08-Q1,1.0,3601.69,3601.69
SAS/25-26/7935,PT-NC143D3-WNM(D2) 4MP RANGINVIEW DOME,6.0,2838.98,17033.88
SAS/25-26/7935,PT-NC140D3-WNM(D2) 4MP RANGINVIEW BULLET,2.0,2881.36,5762.72
SAS/25-26/7935,CAMERA BOX  5X5,8.0,21.19,169.52
SAS/25-26/7935,POE SWITCH BOX,1.0,254.24,254.24
SAS/25-26/7935,HDMI CABLE 5 MTR.,1.0,110.17,110.17
SAS/25-26/7935,POWER EXTEN. BOARD 6+1 (1.5 YARD),1.0,211.86,211.86
SAS/25-26/7936,QS 8CH SMPS,2.0,254.24,508.48
SAS/25-26/7936,DAICHI HD 2 MP HYBRID BULLET (DIB2HDAC),1.0,635.59,635.59
SAS/25-26/7936,VIDEO BALUN 8 MP,1.0,59.32,59.32
SAS/25-26/7937,REMOTE SUPPLY,1.0,889.83,889.83
SAS/25-26/7937,REMOTE OEM,1.0,169.49,169.49
SAS/25-26/7938,DVR BOX,20.0,296.61,5932.2
SAS/25-26/7938,2U DVR RACK,20.0,271.19,5423.8
SAS/25-26/7938,NETWORKING RACK 4U,10.0,508.47,5084.7
SAS/25-26/7938,QS 4CH SMPS,40.0,211.86,8474.4
SAS/25-26/7938,CAMERA BOX 4X4,400.0,12.71,5084.0
SAS/25-26/7938,QS 8CH SMPS,40.0,254.24,10169.6
SAS/25-26/7938,CAMERA BOX  5X5,300.0,18.64,5592.0
SAS/25-26/7938,"EVM LED MONITOR 17.1""  EVM 175 GRAND",1.0,0.85,0.85
SAS/25-26/7938,ELECTRICAL TAP ROLL,30.0,8.47,254.1
SAS/25-26/7938,10MM CLIP,10.0,27.12,271.2
SAS/25-26/7939,QS 8CH SMPS,2.0,254.24,508.48
SAS/25-26/7940,HDMI CABLE 15.0 MTR.,1.0,296.61,296.61
SAS/25-26/7941,EZVIZ 4MP CS-TY1,1.0,2838.98,2838.98
SAS/25-26/7941,HIKVISION MICRO SD 64GB,1.0,525.42,525.42
SAS/25-26/7941,VIDEO BALUN 8 MP,5.0,55.08,275.4
SAS/25-26/7941,IRANGE DC PIN,50.0,4.24,212.0
SAS/25-26/7942,HIK 5MP HD BULLET (DS-2CE16KOT-LPFS)-3K,1.0,1406.78,1406.78
SAS/25-26/7943,DAICHI POE SWITCH 8+2 CH (DTPOE82N),1.0,1059.32,1059.32
SAS/25-26/7943,METAL SWITCH MS01,2.0,186.44,372.88
SAS/25-26/7943,ELECTRONIC LOCK COIL,2.0,211.86,423.72
SAS/25-26/7943,QS 8CH SMPS,2.0,254.24,508.48
SAS/25-26/7943,QS 4CH SMPS,2.0,211.86,423.72
SAS/25-26/7943,BNC CONNECTORS,100.0,8.47,847.0
SAS/25-26/7943,IRANGE DC PIN,50.0,4.24,212.0
SAS/25-26/7943,HV-PS-2A-30,1.0,296.61,296.61
SAS/25-26/7944,HDMI CABLE 5 MTR.,1.0,127.12,127.12
SAS/25-26/7945,VIDEO BALUN 8 MP,2.0,67.8,135.6
SAS/25-26/7945,HIKVISION MICRO SD 64GB,40.0,550.85,22034.0
SAS/25-26/7946,CP-URC-DC24PL3 2.4 MP HD DOME CAMERA,1.0,550.85,550.85
SAS/25-26/7947,PT-NC143D3-WNM(D2) 4MP RANGINVIEW DOME,4.0,2838.98,11355.92
SAS/25-26/7947,8CH. NVR Q1 PT-NR2A08-Q1,1.0,3686.44,3686.44
SAS/25-26/7947,DAICHI POE SWITCH 8+2 FG(DIPOE82G),1.0,2457.63,2457.63
SAS/25-26/7947,CAMERA BOX  5X5,4.0,21.19,84.76
SAS/25-26/7948,PRAMA 6MP DUAL LIGHT PT-NC160D3-WNM(D2),4.0,3593.22,14372.88
SAS/25-26/7949,PT-NC140D3-WNM(D2) 4MP RANGINVIEW BULLET,2.0,2881.36,5762.72
SAS/25-26/7949,PT-NC143D3-WNM(D2) 4MP RANGINVIEW DOME,2.0,2838.98,5677.96
SAS/25-26/7949,PRAMA 6MP DUAL LIGHT PT-NC160D3-WNM(D2),3.0,3644.07,10932.21
SAS/25-26/7949,8CH. NVR Q1 PT-NR2A08-Q1,1.0,3559.32,3559.32
SAS/25-26/7949,WD 2TB HDD PURPLE,1.0,6779.66,6779.66
SAS/25-26/7949,DAICHI POE SWITCH 8+2 FG(DIPOE82G),2.0,2457.63,4915.26
SAS/25-26/7950,"4CH. NVR Q1 (1HDD,H.265+,MINI NVR)PRAMA PT-NR1A04-Q1",8.0,2160.17,17281.36
SAS/25-26/7950,PT-NR1A08-Q1,8.0,2565.25,20522.0
SAS/25-26/7950,PRAMA 6MP DUAL LIGHT PT-NC160D3-WNM(D2),5.0,3594.92,17974.6
SAS/25-26/7950,PRAMA 6MP DUAL LIGHT DOME (PT-NC163D3-WNM(D2),5.0,3549.15,17745.75
SAS/25-26/7951,PRAMA 2MP IP RANGINVIEW DOME PT-NC123D3-WNM(D2),1.0,2288.14,2288.14
SAS/25-26/7952,HIK IP 4MP DS-2CD1041GO-I  BULLET,2.0,3093.22,6186.44
SAS/25-26/7952,4 MP IP DOME DS-2CD3341GOE-I,1.0,3983.05,3983.05
SAS/25-26/7953,IDS-7232HQHI-M2/XT,1.0,20762.71,20762.71
SAS/25-26/7954,QS 4CH SMPS,30.0,211.86,6355.8
SAS/25-26/7954,QS 8CH SMPS,30.0,254.24,7627.2
SAS/25-26/7954,CP 3+1 CABLE 90MTR. (CP-ECC-90RS),5.0,889.83,4449.15
SAS/25-26/7954,CP-Z43Q 4MP WIFI PT CAMERA,1.0,2288.14,2288.14
SAS/25-26/7954,BNC CONNECTORS,100.0,8.47,847.0
SAS/25-26/7954,IRANGE DC PIN,50.0,4.24,212.0
SAS/25-26/7954,"EVM LED MONITOR 17.1""  EVM 175 GRAND",1.0,0.85,0.85
SAS/25-26/7955,8CH. NVR Q1 PT-NR2A08-Q1,1.0,3601.69,3601.69
SAS/25-26/7955,DAICHI POE SWITCH 8+2 CH (DTPOE82N),1.0,1059.32,1059.32
SAS/25-26/7955,HIK IP 4MP DS-2CD1041GO-I  BULLET,2.0,3093.22,6186.44
SAS/25-26/7955,CP UTP 24AWG CAT-6 100 MTR. (CP-EUT-6TGL23-100),1.0,1991.53,1991.53
SAS/25-26/7955,4 MP IP DOME DS-2CD3341GOE-I,2.0,3728.81,7457.62
SAS/25-26/7955,WD 2TB HDD PURPLE,1.0,6525.42,6525.42
SAS/25-26/7955,NETWORKING RACK 4U,1.0,508.47,508.47
SAS/25-26/7955,CP HD DOME 2.4MP (CP-URC-DC24PL3C-DUAL LIGHT,2.0,923.73,1847.46
SAS/25-26/7955,CP HD BULLET 2.4MP  (CP-URC-TC24PL3C-DUAL LIGHT,3.0,957.63,2872.89
SAS/25-26/7955,CP-UVR-0801E1-CV4 8 CHANNEL DVR,1.0,2711.86,2711.86
SAS/25-26/7955,CP 3+1 CABLE 90MTR. (CP-ECC-90RS),1.0,830.51,830.51
SAS/25-26/7955,BNC CONNECTORS,10.0,7.63,76.3
SAS/25-26/7955,IRANGE DC PIN,5.0,3.39,16.95
SAS/25-26/7955,HIKVISION 10 AMP SMPS DA-2FA120A-DW-IN,1.0,563.56,563.56
SAS/25-26/7956,PRAMA 2MP IP RANGINVIEW DOME PT-NC123D3-WNM(D2),20.0,2194.92,43898.4
SAS/25-26/7957,HIK 2MP BULLET DS-2CE16DOT-ITPFS (AUDIO),1.0,847.46,847.46
SAS/25-26/7958,CP UTP 24AWG CAT-6 100 MTR. (CP-EUT-6TGL23-100),3.0,1991.53,5974.59
SAS/25-26/7959,PT-NC140D3-WNM(D2) 4MP RANGINVIEW BULLET,36.0,2766.95,99610.2
SAS/25-26/7959,PT-NC143D3-WNM(D2) 4MP RANGINVIEW DOME,27.0,2724.58,73563.66
SAS/25-26/7959,PRAMA 2MP IP RANGINVIEW BULLET PT-NC-120D3-WNM,18.0,2211.86,39813.48
SAS/25-26/7959,PRAMA 2MP IP RANGINVIEW DOME PT-NC123D3-WNM(D2),27.0,2161.02,58347.54
SAS/25-26/7959,8CH. NVR Q1 PT-NR2A08-Q1,4.0,3533.9,14135.6
SAS/25-26/7959,"16CH. NVR  (1HDD,H.265+. 4K) PRAMA PT-NR2A16-Q1",4.0,4067.8,16271.2
SAS/25-26/7959,HIK 32CH NVR ACUSENSE DS-7632NXI-K2,4.0,11864.41,47457.64
SAS/25-26/7960,PRAMA 2MP IP RANGINVIEW DOME PT-NC123D3-WNM(D2),12.0,2211.86,26542.32
SAS/25-26/7960,"16CH. NVR  (1HDD,H.265+. 4K) PRAMA PT-NR2A16-Q1",1.0,4203.39,4203.39
SAS/25-26/7960,CP 4 PORT UPLINK POE (CP-DNW-HPU4H2-48-V2),4.0,889.83,3559.32
SAS/25-26/7960,DVR BOX,4.0,279.66,1118.64
SAS/25-26/7960,D-LINK SWITCH DES-1008A  8 PORT GIGA,1.0,1525.42,1525.42
SAS/25-26/7961,PT-NC143D3-WNM(D2) 4MP RANGINVIEW DOME,1.0,2813.56,2813.56
SAS/25-26/7961,PRAMA 6MP DUAL LIGHT PT-NC160D3-WNM(D2),1.0,3550.85,3550.85
SAS/25-26/7961,DAICHI HDD 500GB,2.0,1822.03,3644.06
SAS/25-26/7962,2U DVR RACK,10.0,271.19,2711.9
SAS/25-26/7962,BNC CONNECTORS,100.0,8.47,847.0
SAS/25-26/7962,IRANGE DC PIN,100.0,4.24,424.0
SAS/25-26/7963,CP-URC-DC24PL2C- 2.4MP HD DOME AUDIO CAMERA,3.0,762.71,2288.13
SAS/25-26/7964,PRAMA 2MP IP RANGINVIEW BULLET PT-NC-120D3-WNM,5.0,2330.51,11652.55
SAS/25-26/7964,PRAMA 2MP IP RANGINVIEW DOME PT-NC123D3-WNM(D2),5.0,2288.14,11440.7
SAS/25-26/7964,"4CH. NVR Q1 (1HDD,H.265+,MINI NVR)PRAMA PT-NR1A04-Q1",2.0,2228.81,4457.62
SAS/25-26/7964,WD 2TB HDD PURPLE,1.0,6779.66,6779.66
SAS/25-26/7964,DAICHI HDD 1TB,1.0,4491.53,4491.53
SAS/25-26/7965,ECO DS-2CE5AD0T-ITP,15.0,635.59,9533.85
SAS/25-26/7965,HIK 2MP DOME DS-2CED76DOT-ITPFS 2.8MM,20.0,762.71,15254.2
SAS/25-26/7965,HIK 2MP BULLET DS-2CE16DOT-ITPFS (AUDIO),10.0,847.46,8474.6
SAS/25-26/7965,HV-SR-602-A,5.0,635.59,3177.95
SAS/25-26/7965,HIK 4CH DVR (DS-7104HGHI-M1/T,2.0,2033.9,4067.8
SAS/25-26/7965,HIK 8CH DVR (DS-7108HGHI-M1-T,2.0,2923.73,5847.46
SAS/25-26/7965,DAICHI HDD 500GB,4.0,1949.15,7796.6
SAS/25-26/7965,CP UVR-0401E1-IC2 4CH DVR,3.0,1864.41,5593.23
SAS/25-26/7965,CP-UVR-0801E1-CV4 8 CHANNEL DVR,2.0,2711.86,5423.72
SAS/25-26/7965,CP-URC-DC24PL2C- 2.4MP HD DOME AUDIO CAMERA,3.0,694.92,2084.76
SAS/25-26/7965,CP-URC-TC24PL2C- 2.4MP HD BULLET AUDIO CAMERA,10.0,779.66,7796.6
SAS/25-26/7965,CP NVR 8 CH (CP-UNR-108 F1 ),1.0,3135.59,3135.59
SAS/25-26/7966,HIK 4CH DVR (DS-7104HGHI-M1/T,1.0,1978.81,1978.81
SAS/25-26/7966,ECO DS-2CE5AD0T-ITP,4.0,614.41,2457.64
SAS/25-26/7966,DAICHI HDD 500GB,1.0,1906.78,1906.78
SAS/25-26/7967,PRAMA HD 2MP BULLET (PT-HTD11F0E-WPF (M),3.0,974.58,2923.74
SAS/25-26/7967,POLL STAND,2.0,84.75,169.5
SAS/25-26/7968,DOOR LOCK (HV-DL-204),1.0,974.58,974.58
SAS/25-26/7969,DAICHI HDD 1TB,1.0,4491.53,4491.53
SAS/25-26/7970,REMOTE SUPPLY,1.0,889.83,889.83
SAS/25-26/7970,REMOTE OEM,1.0,169.49,169.49
SAS/25-26/7971,QS 8CH SMPS,1.0,254.24,254.24
SAS/25-26/7971,CAMERA BOX  5X5,10.0,21.19,211.9
SAS/25-26/7971,RJ45 JOINTER,10.0,33.9,339.0
SAS/25-26/7972,"EVM LED MONITOR 17.1""  EVM 175 GRAND",1.0,1483.05,1483.05
SAS/25-26/7972,DOOR LOCK (HV-DL-204),1.0,974.58,974.58
SAS/25-26/7972,REMOTE SUPPLY,1.0,847.46,847.46
SAS/25-26/7972,REMOTE OEM,1.0,169.49,169.49
SAS/25-26/7973,HIKVISION VDP DS-KIS603-P(B),1.0,10000.0,10000.0
SAS/25-26/7973,DAICHI CAT 6 COPPER 100MTR- DCAT6100I,1.0,1822.03,1822.03
SAS/25-26/7974,PT-NC143D3-WNM(D2) 4MP RANGINVIEW DOME,32.0,2796.61,89491.52
SAS/25-26/7974,HIK 32CH NVR ACUSENSE DS-7632NXI-K2,1.0,12288.14,12288.14
SAS/25-26/7974,CAMERA BOX  5X5,40.0,18.64,745.6
SAS/25-26/7975,QS 8CH SMPS,1.0,254.24,254.24
SAS/25-26/7976,HIKVISION CAT 6 305 MTR,4.0,6694.92,26779.68
SAS/25-26/7977,RJ 45 CONNECTOR,3.0,296.61,889.83
SAS/25-26/7978,CP UVR-0401E1-IC2 4CH DVR,1.0,1847.46,1847.46
SAS/25-26/7978,CP-URC-DC24PL3 2.4 MP HD DOME CAMERA,1.0,593.22,593.22
SAS/25-26/7979,IDS-7204HUHI-M1/T,1.0,4322.03,4322.03
SAS/25-26/7979,HIK 3K 5MP BULLET (DS-2CE10KFOT-PFS) MIC COLOUR,2.0,2025.42,4050.84
SAS/25-26/7979,SECUREYE WIFI 4G ROUTER,1.0,1228.81,1228.81
SAS/25-26/7980,DS-3E0310P-E/M 8+2 PORT POE,1.0,4406.78,4406.78
SAS/25-26/7981,DOOR LOCK (HV-DL-204),12.0,932.2,11186.4
SAS/25-26/7982,HIKVISION DS-K1T320EFWX BIOMETRIC,5.0,4001.69,20008.45
SAS/25-26/7983,"CCTV WIRE DAICHI 3+1, ECO-70MTR",4.0,508.47,2033.88
SAS/25-26/7983,HDMI CABLE 5 MTR.,5.0,110.17,550.85
SAS/25-26/7984,CP-Z43Q 4MP WIFI PT CAMERA,1.0,2200.0,2200.0
SAS/25-26/7984,HDMI CABLE 1.5 MTR,1.0,42.37,42.37
SAS/25-26/7984,HIKVISION MICRO SD 128GB,1.0,810.0,810.0
SAS/25-26/7984,HDMI CABLE 15.0 MTR.,1.0,254.24,254.24
SAS/25-26/7985,HIK 8CH DVR (DS-7108HGHI-M1-T,1.0,2889.83,2889.83
SAS/25-26/7985,HIK 5MP HD BULLET (DS-2CE16KOT-LPFS)-3K,4.0,1440.68,5762.72
SAS/25-26/7985,QS 8CH SMPS,1.0,254.24,254.24
SAS/25-26/7985,DAICHI HDD 1TB,1.0,4449.15,4449.15
SAS/25-26/7985,DVR BOX,1.0,296.61,296.61
SAS/25-26/7985,CAMERA BOX 4X4,4.0,12.71,50.84
SAS/25-26/7985,BNC CONNECTORS,8.0,8.47,67.76
SAS/25-26/7985,IRANGE DC PIN,4.0,4.24,16.96
SAS/25-26/7986,GPRS KIT DS-PWA64-KIT-WB,1.0,9745.76,9745.76
SAS/25-26/7986,DS-PKF1-WB,1.0,1144.07,1144.07
SAS/25-26/7986,AX PRO INDOOR HOOTER DS-PS1-I-WB（RED）,1.0,2161.02,2161.02
SAS/25-26/7986,PIR MOTION DETECTOR DS-PDP15P-EG2-WB,2.0,1906.78,3813.56
SAS/25-26/7986,CP-UNC-DA21L3C-LQ-2MP IP DOME,1.0,2118.64,2118.64
SAS/25-26/7987,PROXIMITY ACCESS CARD,40.0,8.47,338.8
SAS/25-26/7988,HIK 4CH DVR (DS-7104HGHI-M1/T,1.0,1978.81,1978.81
SAS/25-26/7988,HIK 8CH DVR (DS-7108HGHI-M1-T,1.0,2889.83,2889.83
SAS/25-26/7988,DVR BOX,2.0,296.61,593.22
SAS/25-26/7988,CAMERA BOX 4X4,20.0,12.71,254.2
SAS/25-26/7988,MAGENETIC LOCK ML-01,1.0,720.34,720.34
SAS/25-26/7989,HIK 8+1 POE (DS-3E0109P-E/M),3.0,3050.85,9152.55
SAS/25-26/7990,HIKVISION 305 MTR CAT6 CCA,2.0,4237.29,8474.58
SAS/25-26/7991,DAICHI POE SWITCH 8+2 CH (DTPOE82N),2.0,1059.32,2118.64
SAS/25-26/7991,CAMERA BOX  5X5,9.0,16.95,152.55
SAS/25-26/7991,HIK 16CH DVR ( DS-7116HGHI-M1/T),1.0,4915.25,4915.25
SAS/25-26/7992,GPRS KIT DS-PWA64-KIT-WB,2.0,9491.53,18983.06
SAS/25-26/7993,HIKVISION 10 AMP SMPS DA-2FA120A-DW-IN,5.0,557.63,2788.15
SAS/25-26/7993,HIKVISION 5AMP SMPS DS-2FA1205-DW-IN,5.0,406.78,2033.9
SAS/25-26/7993,HDMI EXTENDER 60MTR KVM,1.0,1694.92,1694.92
SAS/25-26/7993,D-LINK SWITCH DES-1008A  8 PORT GIGA,1.0,1525.42,1525.42
SAS/25-26/7993,D-LINK SWITCH DES-1005A 5 PORT GIGA,2.0,1016.95,2033.9
SAS/25-26/7993,PRAMA 2MP IP RANGINVIEW DOME PT-NC123D3-WNM(D2),3.0,2245.76,6737.28
SAS/25-26/7994,PT-NC140D3-WNM(D2) 4MP RANGINVIEW BULLET,2.0,2881.36,5762.72
SAS/25-26/7994,CAMERA BOX  5X5,4.0,21.19,84.76
SAS/25-26/7995,DAICHI HD 2 MP HYBRID BULLET (DIB2HDAC),10.0,677.97,6779.7
SAS/25-26/7995,IRANGE HD 2 MP COLOUR + AUDIO DOME (IRG-VU-HDP21L2-,5.0,635.59,3177.95
SAS/25-26/7995,HIK 16CH DVR ( DS-7116HGHI-M1/T),1.0,5042.37,5042.37
SAS/25-26/7995,HIK HD 2MP DOME DS-2CE76DOT-LPFS AUDIO,5.0,1033.9,5169.5
SAS/25-26/7995,IDS-7204AHQHI-M1,2.0,3347.46,6694.92
SAS/25-26/7995,IDS-7104HQHI-M1/S,2.0,3177.97,6355.94
SAS/25-26/7996,PRAMA IP 2MP PT-NC123D3-N(D2),8.0,2076.27,16610.16
SAS/25-26/7996,RJ 45 CONNECTOR,1.0,296.61,296.61
SAS/25-26/7996,CAMERA BOX  5X5,20.0,21.19,423.8
SAS/25-26/7997,CP-UNR-4K2161-V4-16CH NVR,1.0,4872.88,4872.88
SAS/25-26/7997,DAICHI POE SWITCH 8+2 CH (DTPOE82N),2.0,974.58,1949.16
SAS/25-26/7997,CAMERA BOX 4X4,8.0,12.71,101.68
SAS/25-26/7997,2U DVR RACK,1.0,296.61,296.61
SAS/25-26/7997,CP-UNC-TA41L3C-D-Q 4MP IP BULLET,7.0,2500.0,17500.0
SAS/25-26/7998,WD 2TB HDD PURPLE,1.0,6610.17,6610.17
SAS/25-26/7999,QS 8CH SMPS,5.0,233.05,1165.25
SAS/25-26/7999,QS 4CH SMPS,5.0,190.68,953.4
SAS/25-26/8000,PRAMA 2MP IP RANGINVIEW BULLET PT-NC-120D3-WNM,2.0,2279.66,4559.32
SAS/25-26/8000,D-LINK STANDARD 3+1 90MTR. CABLE,1.0,932.2,932.2
SAS/25-26/8001,HIKVISION DS-2CD1T23GO-I 6MM,10.0,3644.07,36440.7
SAS/25-26/8001,MAGNETIC CONTACT DS-PDMC-EG2-WB,5.0,1398.31,6991.55
SAS/25-26/8002,DAICHI HDD 3TB,1.0,6355.93,6355.93
SAS/25-26/8003,IDS-7204AHQHI-M1,1.0,3347.46,3347.46
SAS/25-26/8003,HIK 3K 5MP BULLET (DS-2CE10KFOT-PFS) MIC COLOUR,1.0,2025.42,2025.42
SAS/25-26/8003,HIK 3K 5MP DOME (DS-2CE70KFOT-PFS) MIC-COLOUR,2.0,1970.34,3940.68
SAS/25-26/8004,PRAMA 2MP IP RANGINVIEW DOME PT-NC123D3-WNM(D2),15.0,2203.39,33050.85
SAS/25-26/8004,PRAMA 2MP IP RANGINVIEW BULLET PT-NC-120D3-WNM,10.0,2245.76,22457.6
SAS/25-26/8004,PT-NR1A08-Q1,2.0,2669.49,5338.98
SAS/25-26/8004,"4CH. NVR Q1 (1HDD,H.265+,MINI NVR)PRAMA PT-NR1A04-Q1",1.0,2245.76,2245.76
SAS/25-26/8004,PRAMA HD 2MP BULLET (PT-HTD11F0E-WPF (M),10.0,957.63,9576.3
SAS/25-26/8004,PRAMA HD 2MP DOME (PTHTD70F0E-WPF(M),10.0,898.31,8983.1
SAS/25-26/8004,8CH. DVR ECO PRAMA PT-DR1A08G-K1,1.0,2415.25,2415.25
SAS/25-26/8004,EZVIZ HB8-4G -R100,1.0,5084.75,5084.75
SAS/25-26/8004,CS-CMT-SOLARPANEL-E,1.0,1525.42,1525.42
SAS/25-26/8004,DAICHI HDD 3TB,4.0,6059.32,24237.28
SAS/25-26/8004,HIKVISION 5AMP SMPS DS-2FA1205-DW-IN,5.0,398.31,1991.55
SAS/25-26/8004,CAMERA BOX 4X4,100.0,11.02,1102.0
SAS/25-26/8004,CAMERA BOX  5X5,100.0,16.94,1694.0
SAS/25-26/8004,UPS- DS-UPS600 (IND),5.0,1906.78,9533.9
SAS/25-26/8004,HIKVISION MICRO SD 64GB,1.0,0.85,0.85
SAS/25-26/8004,POWER EXTEN. BOARD 6+1 (1.5 YARD),5.0,169.49,847.45
SAS/25-26/8004,DAICHI POE SWITCH 8+2 FG(DIPOE82G),2.0,2415.25,4830.5
SAS/25-26/8004,DAICHI POE SWITCH 8+2 CH (DTPOE82N),3.0,1016.95,3050.85
SAS/25-26/8004,2U DVR RACK,5.0,271.19,1355.95
SAS/25-26/8004,BNC CONNECTORS,50.0,7.63,381.5
SAS/25-26/8005,DAICHI HDD 1TB,1.0,4491.53,4491.53
SAS/25-26/8006,HDMI EXTENDER 60 MTR.,1.0,847.46,847.46
SAS/25-26/8006,BNC CONNECTORS,50.0,8.47,423.5
SAS/25-26/8006,DAICHI CAT 6 COPPER 100MTR- DCAT6100I,1.0,635.59,635.59
SAS/25-26/8007,POE SWITCH BOX,1.0,254.24,254.24
SAS/25-26/8007,12MM CLIP,2.0,42.37,84.74
SAS/25-26/8008,DAICHI POE SWITCH 8+2 CH (DTPOE82N),1.0,1059.32,1059.32
SAS/25-26/8009,HV-PSU-2AMP-24V,1.0,423.73,423.73
SAS/25-26/8009,ELECTRONIC LOCK COIL,1.0,211.86,211.86
SAS/25-26/8010,ELECTRONIC LOCK COIL,1.0,211.86,211.86
SAS/25-26/8011,ESSL K 90 PRO,1.0,3834.75,3834.75
SAS/25-26/8011,CP-Z43Q 4MP WIFI PT CAMERA,1.0,2224.58,2224.58
SAS/25-26/8011,DROP BOLT LOCK,1.0,1525.42,1525.42
SAS/25-26/8012,CP-UNC-DA21PL3C-L-Y 2 MP AUDIO NETWORK DOME CAMERA,3.0,2118.64,6355.92
SAS/25-26/8012,CP-UNC-TA21PL3C-L-Y-2MP NETWORK BULLET CAMERA,1.0,2161.02,2161.02
SAS/25-26/8012,CP PLUS IP 2MP  BULLET (CP-UNC-TA21L3C-L)  ILLUMAX,1.0,2161.02,2161.02
SAS/25-26/8013,HIK 2MP BULLET DS-2CE16DOT-ITPFS (AUDIO),2.0,805.08,1610.16
SAS/25-26/8013,HIK HD 2MP BULLET DS-2CE16DOT-LPFS AUDIO,2.0,1016.95,2033.9
SAS/25-26/8013,IDS-7104HQHI-M1/T,1.0,3305.08,3305.08
SAS/25-26/8013,DAICHI HDD 1TB,1.0,4279.66,4279.66
SAS/25-26/8013,12MM CLIP,1.0,38.14,38.14
SAS/25-26/8013,QS 8CH SMPS,1.0,254.24,254.24
SAS/25-26/8013,BNC PLATINUM GREEN,10.0,16.95,169.5
SAS/25-26/8013,DC PIN PLATINUM GREEN,10.0,6.78,67.8
SAS/25-26/8013,CAMERA BOX 5*5 ALL WEATHER,4.0,21.19,84.76
SAS/25-26/8013,DVR BOX,1.0,296.61,296.61
SAS/25-26/8013,D-LINK STANDARD 3+1 90MTR. CABLE,1.0,889.83,889.83
SAS/25-26/8013,DAICHI CAT 6 COPPER 100MTR- DCAT6100I,1.0,1779.66,1779.66
SAS/25-26/8014,D-LINK STANDARD 3+1 90MTR. CABLE,3.0,932.2,2796.6
SAS/25-26/8014,"CCTV WIRE DAICHI 3+1, ECO-70MTR",4.0,550.85,2203.4
SAS/25-26/8016,DAICHI HDD 1TB,1.0,4449.15,4449.15
SAS/25-26/8016,HIKVISION MICRO SD 64GB,3.0,550.85,1652.55
SAS/25-26/8017,PRAMA 2MP IP RANGINVIEW DOME PT-NC123D3-WNM(D2),27.0,2245.77,60635.79
SAS/25-26/8017,PRAMA 2MP IP RANGINVIEW BULLET PT-NC-120D3-WNM,18.0,2288.14,41186.52
SAS/25-26/8017,CP PLUS 8PORT POE (CP-DNW-GPU8G2-96),10.0,2669.5,26695.0
SAS/25-26/8017,CP 3+1 CABLE 90MTR. (CP-ECC-90RS),15.0,889.84,13347.6
SAS/25-26/8017,2U DVR RACK,6.0,271.19,1627.14
SAS/25-26/8017,NETWORKING RACK 4U,10.0,508.47,5084.7
SAS/25-26/8017,CAMERA BOX  5X5,200.0,18.64,3728.0
SAS/25-26/8017,CAMERA BOX 4X4,200.0,12.71,2542.0
SAS/25-26/8017,EVM 4K HDMI CABLE 3MTR,11.0,169.49,1864.39
SAS/25-26/8018,PT-NC140D3-WNM(D2) 4MP RANGINVIEW BULLET,11.0,2892.37,31816.07
SAS/25-26/8019,PT-NC140D3-WNM(D2) 4MP RANGINVIEW BULLET,1.0,2892.37,2892.37
SAS/25-26/8019,PRAMA 2MP IP RANGINVIEW DOME PT-NC123D3-WNM(D2),1.0,2288.14,2288.14
SAS/25-26/8019,NETWORKING RACK 4U,1.0,550.85,550.85
SAS/25-26/8020,CP XVR 16CH (CP-UVR-1601E1-IC)-H.265 2MP,1.0,5254.24,5254.24
SAS/25-26/8021,HIK 4CH DVR (DS-7104HGHI-M1/T,1.0,2021.19,2021.19
SAS/25-26/8022,IDS-7104HQHI-M1/S,1.0,3199.15,3199.15
SAS/25-26/8022,HIK 5MP DOME (DS-2CE76H0T-ITPFS) AUDIO,2.0,1144.07,2288.14
SAS/25-26/8022,HIK 5MP BULLET (DS-2CE16H0T-ITPFS) AUDIO,1.0,1207.63,1207.63
SAS/25-26/8022,CAMERA BOX 4X4,3.0,12.71,38.13
SAS/25-26/8022,BNC CONNECTORS,10.0,8.47,84.7
SAS/25-26/8022,IRANGE DC PIN,5.0,4.24,21.2
SAS/25-26/8023,DOOR LOCK (HV-DL-204),2.0,974.58,1949.16
SAS/25-26/8024,PROXIMITY ACCESS CARD,200.0,8.47,1694.0
SAS/25-26/8024,DOOR LOCK (HV-DL-204),2.0,932.2,1864.4
SAS/25-26/8024,HV-SR-602-A,1.0,635.59,635.59
SAS/25-26/8024,QS 4CH SMPS,1.0,254.24,254.24
SAS/25-26/8024,CP 3+1 CABLE 90MTR. (CP-ECC-90RS),1.0,889.83,889.83
SAS/25-26/8025,CP-URC-TC24PL3-2.4 MP HD BULLET CAMERA,3.0,635.59,1906.77
SAS/25-26/8025,DAICHI HDD 500GB,1.0,1906.78,1906.78
SAS/25-26/8025,2U DVR RACK,1.0,296.61,296.61
SAS/25-26/8025,ELECTRONIC LOCK COIL,1.0,211.86,211.86
SAS/25-26/8026,"4CH. NVR Q1 (1HDD,H.265+,MINI NVR)PRAMA PT-NR1A04-Q1",1.0,2288.14,2288.14
SAS/25-26/8026,DAICHI POE SWITCH 8+2 CH (DTPOE82N),1.0,1059.32,1059.32
SAS/25-26/8027,DAICHI POE SWITCH 4+2 CH (DTPOE42N),2.0,889.83,1779.66
SAS/25-26/8027,HIK 8CH NVR (DS-7608NXI-K1),1.0,6355.93,6355.93
SAS/25-26/8027,HIK 16CH DVR ( DS-7116HGHI-M1/T),1.0,5042.37,5042.37
SAS/25-26/8027,DAICHI POE SWITCH 8+2 FG(DIPOE82G),1.0,2457.63,2457.63
SAS/25-26/8027,HIKVISION DS-2CD1T23GO-I 6MM,6.0,3813.56,22881.36
SAS/25-26/8027,CP UTP 24AWG CAT-6 100 MTR. (CP-EUT-6TGL23-100),1.0,2076.27,2076.27
SAS/25-26/8028,HIK 2MP BULLET COLOUR CAMERA(DS-2CE10DF0T-PFS,20.0,1491.53,29830.6
SAS/25-26/8028,HIK 3K 5MP BULLET (DS-2CE10KFOT-PFS) MIC COLOUR,20.0,1978.81,39576.2
SAS/25-26/8028,HIK HD 2MP BULLET DS-2CE16DOT-LPFS AUDIO,45.0,1033.9,46525.5
SAS/25-26/8028,HIKVISION DS-K1T320MFWX BIOMETRIC,3.0,3686.44,11059.32
SAS/25-26/8029,"EVM LED MONITOR 17.1""  EVM 175 GRAND",1.0,1652.54,1652.54
SAS/25-26/8029,IDS-7104HQHI-M1/T,1.0,3305.08,3305.08
SAS/25-26/8030,HIK 32CH NVR ACUSENSE DS-7632NXI-K2,1.0,12966.1,12966.1
SAS/25-26/8031,TENDA WIRELESS ROUTER N301,1.0,703.39,703.39
SAS/25-26/8031,CAMERA BOX 4X4,4.0,12.71,50.84
SAS/25-26/8031,RJ 45 CONNECTOR,1.0,296.61,296.61
SAS/25-26/8031,CP UTP 24AWG CAT-6 100 MTR. (CP-EUT-6TGL23-100),1.0,2033.9,2033.9
SAS/25-26/8032,BNC CONNECTORS,8.0,8.47,67.76
SAS/25-26/8032,IRANGE DC PIN,4.0,4.24,16.96
SAS/25-26/8032,HIK 2MP BULLET COLOUR CAMERA(DS-2CE10DF0T-PFS,3.0,1610.17,4830.51
SAS/25-26/8032,HIK 4CH DVR (DS-7104HGHI-M1/T,1.0,2161.02,2161.02
SAS/25-26/8032,QS 4CH SMPS,1.0,338.98,338.98
SAS/25-26/8032,D-LINK STANDARD 3+1 90MTR. CABLE,1.0,1016.95,1016.95
SAS/25-26/8032,CAMERA BOX 4X4,4.0,12.71,50.84
SAS/25-26/8032,DAICHI HDD 500GB,1.0,1898.31,1898.31
SAS/25-26/8033,CP UTP 24AWG CAT-6 100 MTR. (CP-EUT-6TGL23-100),1.0,2118.64,2118.64
SAS/25-26/8034,HIK 32CH NVR ACUSENSE DS-7632NXI-K2,2.0,11864.41,23728.82
SAS/25-26/8035,HIK 8CH DVR (DS-7108HGHI-M1-T,1.0,3008.47,3008.47
SAS/25-26/8035,HIK HD 2MP BULLET DS-2CE16DOT-LPFS AUDIO,2.0,1101.69,2203.38
SAS/25-26/8035,CAMERA BOX 4X4,4.0,12.71,50.84
SAS/25-26/8036,HIK 2MP BULLET COLOUR CAMERA(DS-2CE10DF0T-PFS,180.0,1495.76,269236.8
SAS/25-26/8036,HIK 2MP DOME COLOUR CAMERA (DS-2CE70DF0T-PFS,72.0,1443.22,103911.84
SAS/25-26/8036,HIK 3K 5MP BULLET (DS-2CE10KFOT-PFS) MIC COLOUR,108.0,1979.66,213803.28
SAS/25-26/8036,HIK 3K 5MP DOME (DS-2CE70KFOT-PFS) MIC-COLOUR,36.0,1927.12,69376.32
SAS/25-26/8036,HIK HD 2MP BULLET DS-2CE16DOT-LPFS AUDIO,180.0,1038.14,186865.2
SAS/25-26/8036,HIK HD 2MP DOME DS-2CE76DOT-LPFS AUDIO,144.0,985.59,141924.96
SAS/25-26/8036,HIK 5MP HD BULLET (DS-2CE16KOT-LPFS)-3K,90.0,1422.04,127983.6
SAS/25-26/8036,HIK 5MP HD DOME (DS-2CE76KOT-LPFS)-3K,72.0,1359.32,97871.04
SAS/25-26/8037,PRAMA 2MP IP RANGINVIEW DOME PT-NC123D3-WNM(D2),15.0,2033.9,30508.5
SAS/25-26/8037,PRAMA IP 4MP BULLET (PT-NC140D3-N D2),18.0,2627.12,47288.16
SAS/25-26/8037,HIK 32CH NVR ACUSENSE DS-7632NXI-K2,4.0,12457.63,49830.52
SAS/25-26/8037,HIK 16CH NVR ACUSENCE (DS-7616NXI-K1),4.0,7542.37,30169.48
SAS/25-26/8037,HIK 5MP HD BULLET (DS-2CE16KOT-LPFS)-3K,20.0,1440.68,28813.6
SAS/25-26/8037,HIK 5MP HD DOME (DS-2CE76KOT-LPFS)-3K,20.0,1381.36,27627.2
SAS/25-26/8037,HIKVISION MICRO SD 64GB,20.0,483.05,9661.0
SAS/25-26/8037,HIK 8CH DVR (DS-7108HGHI-M1-T,10.0,2864.41,28644.1
SAS/25-26/8038,DOOR LOCK (HV-DL-204),3.0,974.58,2923.74
SAS/25-26/8039,CAMERA BOX  5X5,1.0,21.19,21.19
SAS/25-26/8040,ECO DS-2CE5AD0T-ITP,1.0,635.59,635.59
SAS/25-26/8040,10MM CLIP,1.0,29.66,29.66
SAS/25-26/8041,CAMERA BOX 4X4,20.0,12.71,254.2
SAS/25-26/8041,CAMERA BOX  5X5,20.0,21.19,423.8
SAS/25-26/8041,PT-NR1A08-Q1,1.0,2677.97,2677.97
SAS/25-26/8041,"16CH. NVR  (1HDD,H.265+. 4K) PRAMA PT-NR2A16-Q1",1.0,4194.92,4194.92
SAS/25-26/8041,DVR BOX,1.0,296.61,296.61
SAS/25-26/8041,DAICHI POE SWITCH 8+2 CH (DTPOE82N),2.0,1059.32,2118.64
SAS/25-26/8042,HIK 32CH NVR ACUSENSE DS-7632NXI-K2,2.0,11864.41,23728.82
SAS/25-26/8043,DAICHI HD 2 MP HYBRID BULLET (DIB2HDAC),2.0,635.59,1271.18
SAS/25-26/8044,CAMERA BOX 4X4,5.0,12.71,63.55
SAS/25-26/8044,CCTV WIRE DAICHI ASTRA 3+1 70MTR COPPER,4.0,635.59,2542.36
SAS/25-26/8044,BNC CONNECTORS,10.0,8.47,84.7
SAS/25-26/8044,IRANGE DC PIN,10.0,4.24,42.4
SAS/25-26/8044,NETWORKING RACK 4U,1.0,550.85,550.85
SAS/25-26/8045,REMOTE SUPPLY,3.0,720.34,2161.02
SAS/25-26/8046,DAICHI IP 4 MP DOME HYBRID (DID4ISC),1.0,1059.32,1059.32
SAS/25-26/8047,DVR BOX,5.0,296.61,1483.05
SAS/25-26/8047,NETWORKING RACK 4U,3.0,550.85,1652.55
SAS/25-26/8047,DAICHI POE SWITCH 4+2 CH (DTPOE42N),8.0,889.83,7118.64
SAS/25-26/8047,RJ 45 CONNECTOR,2.0,313.56,627.12
SAS/25-26/8048,CAMERA BOX 4X4,15.0,12.71,190.65
SAS/25-26/8048,HIKVISION 305 MTR CAT6 CCA,1.0,4237.29,4237.29
SAS/25-26/8049,D-LINK STANDARD 3+1 90MTR. CABLE,1.0,932.2,932.2
SAS/25-26/8050,ECO DS-2CE5AD0T-ITP,4.0,614.41,2457.64
SAS/25-26/8050,HIK HD 2MP DOME DS-2CE76DOT-LPFS AUDIO,1.0,995.76,995.76
SAS/25-26/8050,HIK 4CH DVR (DS-7104HGHI-M1/T,1.0,1978.81,1978.81
SAS/25-26/8050,DAICHI HDD 500GB,1.0,1864.41,1864.41
SAS/25-26/8050,VIDEO BALUN 8 MP,2.0,59.32,118.64
SAS/25-26/8051,CP UTP 24AWG CAT-6 100 MTR. (CP-EUT-6TGL23-100),1.0,2076.27,2076.27
SAS/25-26/8051,DVR BOX,1.0,296.61,296.61
SAS/25-26/8051,2U DVR RACK,1.0,296.61,296.61
SAS/25-26/8051,CAMERA BOX  5X5,10.0,21.19,211.9
SAS/25-26/8051,DAICHI HDD 1TB,1.0,4449.15,4449.15
SAS/25-26/8051,HV-PSU-2AMP-24V,2.0,406.78,813.56
SAS/25-26/8052,DVR BOX,1.0,296.61,296.61
SAS/25-26/8052,CP PLUS 8PORT POE (CP-DNW-GPU8G2-96),1.0,2669.49,2669.49
SAS/25-26/8052,PRAMA 2MP IP RANGINVIEW BULLET PT-NC-120D3-WNM,1.0,2330.51,2330.51
SAS/25-26/8053,D-LINK STANDARD 3+1 90MTR. CABLE,2.0,974.58,1949.16
SAS/25-26/8053,HIK HD 2MP DOME DS-2CE76DOT-LPFS AUDIO,3.0,1033.9,3101.7
SAS/25-26/8054,HDMI CABLE 15.0 MTR.,1.0,296.61,296.61
SAS/25-26/8054,POWER EXTEN. BOARD 6+1 (1.5 YARD),1.0,211.86,211.86
SAS/25-26/8055,DAICHI HDD 1TB,1.0,4491.53,4491.53
SAS/25-26/8056,"EVM LED MONITOR 17.1""  EVM 175 GRAND",1.0,1652.54,1652.54
SAS/25-26/8057,HIK 3K 5MP BULLET (DS-2CE10KFOT-PFS) MIC COLOUR,7.0,2004.24,14029.68
SAS/25-26/8058,8CH. NVR Q1 PT-NR2A08-Q1,3.0,3610.17,10830.51
SAS/25-26/8059,ECO DS-2CE5AD0T-ITP,3.0,614.41,1843.23
SAS/25-26/8060,QS 8CH SMPS,1.0,254.24,254.24
SAS/25-26/8060,BNC CONNECTORS,10.0,8.47,84.7
SAS/25-26/8060,IRANGE DC PIN,10.0,4.24,42.4
SAS/25-26/8060,PVC TAPE BIG,2.0,21.19,42.38
SAS/25-26/8061,D-LINK STANDARD 3+1 90MTR. CABLE,1.0,932.2,932.2
SAS/25-26/8061,HIK 2MP BULLET DS-2CE16DOT-ITPFS (AUDIO),2.0,817.8,1635.6
SAS/25-26/8061,HIK 5MP BULLET (DS-2CE16H0T-ITPFS) AUDIO,2.0,1207.63,2415.26
SAS/25-26/8061,BNC CONNECTORS,10.0,8.47,84.7
SAS/25-26/8061,CAMERA BOX 4X4,4.0,12.71,50.84
SAS/25-26/8062,TENDA WIRELESS ROUTER N301,2.0,720.34,1440.68
SAS/25-26/8063,GODREJ  ACE PRO 3MP PT CAMERA,2.0,1610.17,3220.34
SAS/25-26/8063,HIKVISION MICRO SD 64GB,2.0,550.85,1101.7
SAS/25-26/8064,PT-NC140D3-WNM(D2) 4MP RANGINVIEW BULLET,10.0,2796.61,27966.1
SAS/25-26/8064,PT-NC143D3-WNM(D2) 4MP RANGINVIEW DOME,10.0,2754.24,27542.4
SAS/25-26/8065,DAICHI HDD 3TB,1.0,6355.93,6355.93
SAS/25-26/8065,ESSL K 90 PRO,1.0,3898.31,3898.31
SAS/25-26/8065,MAGENETIC LOCK ML-01,1.0,720.34,720.34
SAS/25-26/8065,U BRACKET,1.0,211.86,211.86
SAS/25-26/8065,PROXIMITY ACCESS CARD,40.0,8.47,338.8
SAS/25-26/8065,HIKVISION 10 AMP SMPS DA-2FA120A-DW-IN,1.0,576.27,576.27
SAS/25-26/8065,DVR BOX,1.0,296.61,296.61
SAS/25-26/8066,DOOR LOCK (HV-DL-204),1.0,932.2,932.2
SAS/25-26/8066,REMOTE SUPPLY,1.0,932.2,932.2
SAS/25-26/8067,IDS-7108HQHI-M1/T,1.0,4788.14,4788.14
SAS/25-26/8068,DVR BOX,1.0,296.61,296.61
SAS/25-26/8069,DOOR LOCK (HV-DL-204),1.0,974.58,974.58
SAS/25-26/8070,REMOTE SUPPLY,1.0,720.34,720.34
SAS/25-26/8070,DAICHI POE SWITCH 4+2 CH (DTPOE42N),1.0,805.08,805.08
SAS/25-26/8071,CP XVR 4 CH(CP-UVR-0401F1-IC2)H.265 5MP,1.0,2754.24,2754.24
SAS/25-26/8071,DAICHI HDD 1TB,1.0,4449.15,4449.15
SAS/25-26/8072,DOOR LOCK (HV-DL-204),1.0,932.2,932.2
SAS/25-26/8072,HV-SR-602-A,1.0,635.59,635.59
SAS/25-26/8073,REMOTE SUPPLY,1.0,762.71,762.71
SAS/25-26/8073,"CCTV WIRE DAICHI 3+1, ECO-70MTR",1.0,508.47,508.47
SAS/25-26/8073,REMOTE OEM,2.0,169.49,338.98
SAS/25-26/8074,HIK 2MP BULLET COLOUR CAMERA(DS-2CE10DF0T-PFS,36.0,1152.54,41491.44
SAS/25-26/8075,CCL EPBAX 232-B (2X16) (2X24),1.0,8305.08,8305.08
SAS/25-26/8075,BEETEL C-11,16.0,411.02,6576.32
SAS/25-26/8075,BEETEL M-71,2.0,1059.32,2118.64
SAS/25-26/8076,IDS-7216HUHI-M2/X,1.0,13686.44,13686.44
SAS/25-26/8077,PRAMA 6MP DUAL LIGHT DOME (PT-NC163D3-WNM(D2),5.0,3588.98,17944.9
SAS/25-26/8078,DAICHI POE SWITCH 8+2 FG(DIPOE82G),1.0,2372.88,2372.88
SAS/25-26/8079,ELECTRONIC LOCK COIL,1.0,423.73,423.73
SAS/25-26/8080,HIK 32CH NVR ACUSENSE DS-7632NXI-K2,1.0,13135.59,13135.59
SAS/25-26/8081,CAMERA BOX 4X4,10.0,12.71,127.1
SAS/25-26/8081,CP-UVR-0801E1-CV4 8 CHANNEL DVR,1.0,2711.86,2711.86
SAS/25-26/8081,CP-URC-DC24PL3 2.4 MP HD DOME CAMERA,6.0,550.85,3305.1
SAS/25-26/8081,DAICHI HDD 3TB,1.0,6271.19,6271.19
SAS/25-26/8082,QS 4CH SMPS,1.0,211.86,211.86
SAS/25-26/8082,BNC CONNECTORS,10.0,8.47,84.7
SAS/25-26/8082,IRANGE DC PIN,10.0,4.24,42.4
SAS/25-26/8083,CP-URC-TC24PL3-2.4 MP HD BULLET CAMERA,1.0,635.59,635.59
SAS/25-26/8083,ECO DS-2CE1ADOT-ITP,1.0,677.97,677.97
SAS/25-26/8084,DAICHI HDD 500GB,1.0,1949.15,1949.15
SAS/25-26/8085,"16CH. NVR  (1HDD,H.265+. 4K) PRAMA PT-NR2A16-Q1",14.0,4152.54,58135.56
SAS/25-26/8085,8CH. NVR Q1 PT-NR2A08-Q1,18.0,3559.32,64067.76
SAS/25-26/8086,BNC CONNECTORS,50.0,8.47,423.5
SAS/25-26/8086,IRANGE DC PIN,30.0,4.24,127.2
SAS/25-26/8086,GODREJ  ACE PRO 3MP PT CAMERA,1.0,1525.42,1525.42
SAS/25-26/8086,QS 8CH SMPS,4.0,254.24,1016.96
SAS/25-26/8086,HIKVISION MICRO SD 64GB,1.0,550.85,550.85
SAS/25-26/8086,CP-URC-TC24PL3-2.4 MP HD BULLET CAMERA,1.0,635.59,635.59
SAS/25-26/8087,HIKVISION CAT 6 305 MTR,1.0,6779.66,6779.66
SAS/25-26/8087,DAICHI HDD 1TB,1.0,4449.15,4449.15
SAS/25-26/8088,CP-URC-DC24PL3 2.4 MP HD DOME CAMERA,2.0,550.85,1101.7
SAS/25-26/8088,DAICHI HDD 500GB,1.0,1906.78,1906.78
SAS/25-26/8089,DVR BOX,1.0,296.61,296.61
SAS/25-26/8090,CP-UVR-0801E1-CV4 8 CHANNEL DVR,1.0,2669.49,2669.49
SAS/25-26/8090,BNC CONNECTORS,10.0,8.47,84.7
SAS/25-26/8091,HIK 16CH NVR ACUSENCE (DS-7616NXI-K1),1.0,7762.71,7762.71
SAS/25-26/8092,CP NVR 32 CH (CP-UNR 4K 4322-V3),1.0,9322.03,9322.03
SAS/25-26/8092,CP-UNC-DA21L3C-LQ-2MP IP DOME,15.0,2101.69,31525.35
SAS/25-26/8092,CP-UNC-TA21L3C-LQ-2MP IP BULLET,6.0,2144.07,12864.42
SAS/25-26/8092,ADJUSTABLE STAND,1.0,127.12,127.12
SAS/25-26/8092,DS-KV6103-PEI-(C),1.0,4406.78,4406.78
SAS/25-26/8092,ELECTRONIC LOCK COIL,1.0,211.86,211.86
SAS/25-26/8093,CP-URC-DC24PL3 2.4 MP HD DOME CAMERA,9.0,576.27,5186.43
SAS/25-26/8093,CP-UNC-DA21PL3C-L-Y 2 MP AUDIO NETWORK DOME CAMERA,1.0,2288.14,2288.14
SAS/25-26/8093,CP 4 MP IP DOME AUDIO DA41PL3C-L-Y,1.0,3220.34,3220.34
SAS/25-26/8093,BNC CONNECTORS,50.0,8.47,423.5
SAS/25-26/8093,IRANGE DC PIN,50.0,4.24,212.0
SAS/25-26/8094,HDMI EXTENDER 60 MTR.,2.0,127.12,254.24
SAS/25-26/8094,HDMI EXTENDER 60 MTR.,1.0,635.59,635.59
SAS/25-26/8094,POWER ADAPTER 12V/2A W/O PIN,1.0,127.12,127.12
SAS/25-26/8095,HIKVISION 4CH NVR DS-7104NI-Q1/M,1.0,3139.83,3139.83
SAS/25-26/8095,ECO DS-2CE1ADOT-ITP,2.0,677.97,1355.94
SAS/25-26/8096,CP XVR 16CH (CP-UVR-1601E1-IC)-H.265 2MP,1.0,4364.41,4364.41
SAS/25-26/8096,CP-URC-DC24PL3 2.4 MP HD DOME CAMERA,12.0,550.85,6610.2
SAS/25-26/8097,HIK 4CH DVR (DS-7104HGHI-M1/T,1.0,1978.81,1978.81
SAS/25-26/8097,HIK HD 2MP BULLET DS-2CE16DOT-LPFS AUDIO,2.0,1050.85,2101.7
SAS/25-26/8097,HIK HD 2MP DOME DS-2CE76DOT-LPFS AUDIO,1.0,995.76,995.76
SAS/25-26/8098,IRANGE HD 2 MP COLOUR + AUDIO DOME (IRG-VU-HDP21L2-,1.0,593.22,593.22
SAS/25-26/8098,CAMERA BOX 4X4,2.0,12.71,25.42
SAS/25-26/8099,DAICHI CAT 6 COPPER 100MTR- DCAT6100I,2.0,847.46,1694.92
SAS/25-26/8099,DAICHI HDD 1TB,1.0,4449.15,4449.15
SAS/25-26/8100,DAICHI HDD 3TB,3.0,6101.69,18305.07
SAS/25-26/8100,DAICHI HDD 4TB,3.0,7203.39,21610.17
SAS/25-26/8101,CP-UNR-4K2161-V4-16CH NVR,1.0,4915.25,4915.25
SAS/25-26/8101,DAICHI HDD 500GB,1.0,1906.78,1906.78
SAS/25-26/8101,DAICHI HDD 6TB,1.0,10593.22,10593.22
SAS/25-26/8101,NETWORKING RACK 4U,1.0,550.85,550.85
SAS/25-26/8101,DAICHI POE SWITCH 8+2 CH (DTPOE82N),2.0,1101.69,2203.38
SAS/25-26/8102,HIK 2MP DOME COLOUR CAMERA (DS-2CE70DF0T-PFS,10.0,1476.27,14762.7
SAS/25-26/8103,HIK 32CH NVR ACUSENSE DS-7632NXI-K2,1.0,12542.37,12542.37
SAS/25-26/8104,REMOTE SUPPLY,25.0,720.34,18008.5
SAS/25-26/8104,DOOR LOCK (HV-DL-204),12.0,932.2,11186.4
SAS/25-26/8105,PT-NC140D3-WNM(D2) 4MP RANGINVIEW BULLET,7.0,2796.61,19576.27
SAS/25-26/8105,PT-NC143D3-WNM(D2) 4MP RANGINVIEW DOME,4.0,2754.24,11016.96
SAS/25-26/8105,PRAMA 2MP IP RANGINVIEW DOME PT-NC123D3-WNM(D2),14.0,2203.39,30847.46
SAS/25-26/8105,32CH 2HDD AISENSE NVR PT-NRAS2A032-K2,1.0,9491.53,9491.53
SAS/25-26/8106,HIKVISION 5AMP SMPS DS-2FA1205-DW-IN,4.0,406.78,1627.12
SAS/25-26/8106,CP-URC-DC24PL3 2.4 MP HD DOME CAMERA,16.0,542.37,8677.92
SAS/25-26/8106,CP-URC-TC24PL3-2.4 MP HD BULLET CAMERA,20.0,627.12,12542.4
SAS/25-26/8106,CP-URC-DC24PL2C- 2.4MP HD DOME AUDIO CAMERA,16.0,677.97,10847.52
SAS/25-26/8106,CP-URC-TC24PL2C- 2.4MP HD BULLET AUDIO CAMERA,20.0,762.71,15254.2
SAS/25-26/8106,CP-UNC-DA21L3C-LQ-2MP IP DOME,6.0,2118.64,12711.84
SAS/25-26/8106,CP-UNC-TA21L3C-LQ-2MP IP BULLET,14.0,2161.02,30254.28
SAS/25-26/8106,CP NVR 32 CH (CP-UNR 4K 4322-V3),1.0,9237.29,9237.29
SAS/25-26/8106,HIK 8CH 2MP E-SATA EDVR  DS-E08HGHI-B,10.0,3961.86,39618.6
SAS/25-26/8107,"16CH. NVR  (1HDD,H.265+. 4K) PRAMA PT-NR2A16-Q1",1.0,4152.54,4152.54
SAS/25-26/8108,DS-KV8413-WME/ 4 BELL OUTDOOR UNIT,1.0,7297.46,7297.46
SAS/25-26/8109,QS 8CH SMPS,1.0,296.61,296.61
SAS/25-26/8110,DAICHI HDD 500GB,1.0,1949.15,1949.15
SAS/25-26/8110,DVR CELL,7.0,12.71,88.97
SAS/25-26/8111,DAICHI HDD 3TB,1.0,6355.93,6355.93
SAS/25-26/8112,"EVM LED MONITOR 18.5"" EVM 190 GRAND LED",1.0,1822.03,1822.03
SAS/25-26/8113,PRAMA 2MP IP RANGINVIEW BULLET PT-NC-120D3-WNM,2.0,2279.66,4559.32
SAS/25-26/8113,ECO DS-2CE1ADOT-ITP,2.0,673.73,1347.46
SAS/25-26/8114,IDS-7216HUHI-M2/X,1.0,13339.83,13339.83
SAS/25-26/8115,2U DVR RACK,1.0,296.61,296.61
SAS/25-26/8116,ESSL K 90 PRO,1.0,3898.31,3898.31
SAS/25-26/8117,HIK 8CH DVR (DS-7108HGHI-M1-T,1.0,2889.83,2889.83
SAS/25-26/8117,ECO DS-2CE5AD0T-ITP,6.0,614.41,3686.46
SAS/25-26/8117,ECO DS-2CE1ADOT-ITP,1.0,673.73,673.73
SAS/25-26/8117,DAICHI HDD 1TB,1.0,4449.15,4449.15
SAS/25-26/8118,HIKVISION MICRO SD 64GB,1.0,593.22,593.22
SAS/25-26/8118,HIKVISION MICRO SD 128GB,1.0,1101.69,1101.69
SAS/25-26/8118,PRAMA 2MP IP RANGINVIEW DOME PT-NC123D3-WNM(D2),11.0,2288.14,25169.54
SAS/25-26/8118,PRAMA 2MP IP RANGINVIEW BULLET PT-NC-120D3-WNM,5.0,2330.51,11652.55
SAS/25-26/8118,D LINK CAT 6 ROLL 305MTR,1.0,7627.12,7627.12
SAS/25-26/8118,DVR BOX,4.0,296.61,1186.44
SAS/25-26/8118,D-LINK STANDARD 3+1 90MTR. CABLE,1.0,932.2,932.2
SAS/25-26/8118,CP PLUS 4PORT POE (CP-DNW-GPU4G2-48),1.0,1822.03,1822.03
SAS/25-26/8118,CP PLUS 8PORT POE (CP-DNW-GPU8G2-96),1.0,2669.49,2669.49
SAS/25-26/8118,HDMI CABLE 15.0 MTR.,1.0,466.1,466.1
SAS/25-26/8119,PT-NC140D3-WNM(D2) 4MP RANGINVIEW BULLET,2.0,2966.1,5932.2
SAS/25-26/8120,DOOR LOCK (HV-DL-204),5.0,949.15,4745.75
SAS/25-26/8120,WIIF LOACK REMOTE SUPPLY,8.0,1228.81,9830.48
SAS/25-26/8121,PRAMA 2MP IP RANGINVIEW DOME PT-NC123D3-WNM(D2),2.0,2288.14,4576.28
SAS/25-26/8121,DOOR LOCK (HV-DL-204),2.0,932.2,1864.4
SAS/25-26/8121,PROXIMITY ACCESS CARD,50.0,8.47,423.5
SAS/25-26/8121,HV-SR-602-A,1.0,593.22,593.22
SAS/25-26/8121,HV-PSU-2AMP-24V,4.0,423.73,1694.92
SAS/25-26/8122,HIK 4CH DVR (DS-7104HGHI-M1/T,2.0,2033.9,4067.8
SAS/25-26/8122,DAICHI HDD 500GB,1.0,1949.15,1949.15
SAS/25-26/8122,CAMERA BOX 4X4,30.0,12.71,381.3
SAS/25-26/8123,PT-NR1A08-Q1,2.0,2669.49,5338.98
SAS/25-26/8123,HIK 5MP BULLET (DS-2CE16H0T-ITPFS) AUDIO,5.0,1220.34,6101.7
SAS/25-26/8124,REMOTE SUPPLY,2.0,847.46,1694.92
SAS/25-26/8124,HDMI CABLE 15.0 MTR.,1.0,296.61,296.61
SAS/25-26/8124,HDMI CABLE 10 MTR.,1.0,211.86,211.86
SAS/25-26/8125,HIK 4CH DVR (DS-7104HGHI-M1/T,10.0,1949.15,19491.5
SAS/25-26/8126,SECUREYE WIFI 4G ROUTER,6.0,1228.81,7372.86
SAS/25-26/8127,IDS-7108HQHI-M1/T,1.0,4618.64,4618.64
SAS/25-26/8127,HIK 5MP BULLET (DS-2CE16H0T-ITPFS) AUDIO,2.0,1177.97,2355.94
SAS/25-26/8127,HIK 5MP DOME (DS-2CE76H0T-ITPFS) AUDIO,6.0,1101.69,6610.14
SAS/25-26/8128,HIKVISION MICRO SD 64GB,3.0,550.85,1652.55
SAS/25-26/8128,GODREJ  ACE PRO 3MP PT CAMERA,2.0,1567.8,3135.6
SAS/25-26/8129,ECO DS-2CE1ADOT-ITP,1.0,677.97,677.97
SAS/25-26/8130,HIK 5MP HD DOME (DS-2CE76KOT-LPFS)-3K,12.0,1483.05,17796.6
SAS/25-26/8130,IDS-7116HQHI-M1/S,1.0,7796.61,7796.61
SAS/25-26/8130,IRANGE 16 CH SMPS (20AMP),1.0,720.34,720.34
SAS/25-26/8130,D-LINK STANDARD 3+1 90MTR. CABLE,1.0,932.2,932.2
SAS/25-26/8130,2MP BULLET CAMERA ECO PRAMA PT-HTD110E-IP,2.0,533.9,1067.8
SAS/25-26/8130,BNC CONNECTORS,20.0,8.47,169.4
SAS/25-26/8130,IRANGE DC PIN,10.0,4.24,42.4
SAS/25-26/8131,HIK 8CH DVR (DS-7108HGHI-M1-T,1.0,2889.83,2889.83
SAS/25-26/8131,HIK HD 2MP BULLET DS-2CE16DOT-LPFS AUDIO,3.0,1050.85,3152.55
SAS/25-26/8132,PRAMA HD 2MP BULLET (PT-HTD11F0E-WPF (M),2.0,966.1,1932.2
SAS/25-26/8132,CAMERA BOX 4X4,15.0,12.71,190.65
SAS/25-26/8132,BNC CONNECTORS,50.0,8.47,423.5
SAS/25-26/8132,IRANGE DC PIN,50.0,4.24,212.0
SAS/25-26/8133,HIK 4CH DVR (DS-7104HGHI-M1/T,1.0,1991.53,1991.53
SAS/25-26/8133,HIK VDP ANALOG DS-KIS204T,1.0,3898.31,3898.31
SAS/25-26/8133,DOOR LOCK (HV-DL-204),1.0,974.58,974.58
SAS/25-26/8134,HIK 8CH DVR (DS-7108HGHI-M1-T,1.0,2881.36,2881.36
SAS/25-26/8134,QS 8CH SMPS,2.0,254.24,508.48
SAS/25-26/8134,USB TO DC CABLE,1.0,42.37,42.37
SAS/25-26/8135,PT-NC143D3-WNM(D2) 4MP RANGINVIEW DOME,2.0,2796.61,5593.22
SAS/25-26/8135,PT-NC140D3-WNM(D2) 4MP RANGINVIEW BULLET,1.0,2838.98,2838.98
SAS/25-26/8136,DAICHI HDD 1TB,2.0,4491.53,8983.06
SAS/25-26/8136,TENDA OUTDOOR CPE 500M(TE-01),1.0,2033.9,2033.9
SAS/25-26/8137,HIK 4CH DVR (DS-7104HGHI-M1/T,100.0,1913.56,191356.0
SAS/25-26/8137,HIK 8CH DVR (DS-7108HGHI-M1-T,100.0,2794.92,279492.0
SAS/25-26/8137,HIK 16CH DVR ( DS-7116HGHI-M1/T),30.0,4734.75,142042.5
SAS/25-26/8137,HIKVISION CAT 6 305 MTR,16.0,6567.8,105084.8
SAS/25-26/8137,HIK 2MP BULLET COLOUR CAMERA(DS-2CE10DF0T-PFS,180.0,1461.86,263134.8
SAS/25-26/8137,HIKVISION 20 AMP SMPS DS-2FA120K-DW-IN,20.0,851.69,17033.8
SAS/25-26/8138,IDS-7208HUHI-M1/T,1.0,7288.14,7288.14
SAS/25-26/8138,ELECTRICAL TAP ROLL,29.0,8.05,233.45
SAS/25-26/8139,4 MP IP DOME DS-2CD3341GOE-I,1.0,3898.31,3898.31
SAS/25-26/8140,PT-NR1A08-Q1,1.0,2669.49,2669.49
SAS/25-26/8141,QS 4CH SMPS,1.0,211.86,211.86
SAS/25-26/8142,HIK HD 2MP BULLET DS-2CE16DOT-LPFS AUDIO,2.0,1050.85,2101.7
SAS/25-26/8143,PRAMA 2MP IP RANGINVIEW DOME PT-NC123D3-WNM(D2),15.0,2203.39,33050.85
SAS/25-26/8144,PRAMA 2MP IP RANGINVIEW BULLET PT-NC-120D3-WNM,10.0,2203.39,22033.9
SAS/25-26/8144,PRAMA 2MP IP RANGINVIEW DOME PT-NC123D3-WNM(D2),10.0,2161.02,21610.2
SAS/25-26/8144,PT-NC140D3-WNM(D2) 4MP RANGINVIEW BULLET,10.0,2796.61,27966.1
SAS/25-26/8144,PT-NC143D3-WNM(D2) 4MP RANGINVIEW DOME,10.0,2754.24,27542.4
SAS/25-26/8144,"4CH. NVR Q1 (1HDD,H.265+,MINI NVR)PRAMA PT-NR1A04-Q1",5.0,2203.39,11016.95
SAS/25-26/8144,PT-NR1A08-Q1,5.0,2627.12,13135.6
SAS/25-26/8144,8CH. NVR Q1 PT-NR2A08-Q1,5.0,3516.95,17584.75
SAS/25-26/8145,HIKVISION MICRO SD 32GB,1.0,423.73,423.73
SAS/25-26/8146,PT-NC140D3-WNM(D2) 4MP RANGINVIEW BULLET,5.0,2881.36,14406.8
SAS/25-26/8146,HIKVISION CAT 6 305 MTR,2.0,6779.66,13559.32
SAS/25-26/8146,WD 2TB HDD PURPLE,2.0,6779.66,13559.32
SAS/25-26/8146,D-LINK STANDARD 3+1 90MTR. CABLE,5.0,932.2,4661.0
SAS/25-26/8147,HIK 16CH NVR (DS-7616NI-Q1),1.0,5593.22,5593.22
SAS/25-26/8148,8CH. DVR ECO PRAMA PT-DR1A08G-K1,1.0,2372.88,2372.88
SAS/25-26/8149,HIK 16CH DVR ( DS-7116HGHI-M1/T),1.0,4949.15,4949.15
SAS/25-26/8149,DS-2CD1023G0-IUUHK 4MM,2.0,3220.34,6440.68
SAS/25-26/8149,ECO DS-2CE5AD0T-ITP,30.0,622.88,18686.4
SAS/25-26/8150,PT-NC140D3-WNM(D2) 4MP RANGINVIEW BULLET,4.0,2830.51,11322.04
SAS/25-26/8150,PT-NC143D3-WNM(D2) 4MP RANGINVIEW DOME,6.0,2796.61,16779.66
SAS/25-26/8150,CP PLUS 8PORT POE (CP-DNW-HPU8H2-96-V2),2.0,1101.69,2203.38
SAS/25-26/8151,PRAMA 2MP IP RANGINVIEW BULLET PT-NC-120D3-WNM,2.0,2288.14,4576.28
SAS/25-26/8151,PRAMA 2MP IP RANGINVIEW DOME PT-NC123D3-WNM(D2),4.0,2245.76,8983.04
SAS/25-26/8152,IDS-7116HQHI-M1/S,1.0,7754.24,7754.24
SAS/25-26/8152,IDS-7204HUHI-M1/T,1.0,4194.92,4194.92
SAS/25-26/8152,HIK 3K 5MP DOME (DS-2CE70KFOT-PFS) MIC-COLOUR,10.0,1949.15,19491.5
SAS/25-26/8152,IDS-7208HUHI-M1/T,1.0,7457.63,7457.63
SAS/25-26/8152,HIK 3K 5MP BULLET (DS-2CE10KFOT-PFS) MIC COLOUR,10.0,1991.53,19915.3
SAS/25-26/8153,PROXIMITY ACCESS CARD,50.0,8.47,423.5
SAS/25-26/8154,HIK 5MP HD BULLET (DS-2CE16KOT-LPFS)-3K,2.0,1525.42,3050.84
SAS/25-26/8154,HIK 5MP HD DOME (DS-2CE76KOT-LPFS)-3K,1.0,1483.05,1483.05
SAS/25-26/8154,D-LINK STANDARD 3+1 90MTR. CABLE,1.0,932.2,932.2
SAS/25-26/8155,HIKVISION 4CH NVR DS-7104NI-Q1/M,1.0,3135.59,3135.59
SAS/25-26/8155,HIK 8CH NVR (DS-7608NXI-K1),1.0,6326.27,6326.27
SAS/25-26/8155,HIK 32CH NVR ACUSENSE DS-7632NXI-K2,1.0,12711.86,12711.86
SAS/25-26/8155,"H6C (4MP,W1)",1.0,3220.34,3220.34
SAS/25-26/8155,DAICHI HDD 500GB,1.0,1864.41,1864.41
SAS/25-26/8156,REMOTE SUPPLY,1.0,762.71,762.71
SAS/25-26/8156,DOOR LOCK (HV-DL-204),1.0,949.15,949.15
SAS/25-26/8156,REMOTE OEM,2.0,169.49,338.98
SAS/25-26/8156,HV-PS-2A-30,1.0,296.61,296.61
SAS/25-26/8157,2U DVR RACK,1.0,296.61,296.61
SAS/25-26/8158,DAICHI HDD 4TB,1.0,7203.39,7203.39
SAS/25-26/8159,D-LINK STANDARD 3+1 90MTR. CABLE,2.0,932.2,1864.4
SAS/25-26/8159,IDS-7104HQHI-M1/T,1.0,3279.66,3279.66
SAS/25-26/8159,DAICHI HDD 1TB,1.0,4491.53,4491.53
SAS/25-26/8160,"DS-KH6320-WTE1/ 7"" INDOOR TOUCH SCREEN",4.0,4508.47,18033.88
SAS/25-26/8160,DS-KV8413-WME/ 4 BELL OUTDOOR UNIT,1.0,7565.25,7565.25
SAS/25-26/8161,HIKVISION 4CH NVR DS-7104NI-Q1/M,1.0,3139.83,3139.83
SAS/25-26/8161,TENDA OUTDOOR CPE 500M(TE-01),1.0,2033.9,2033.9
SAS/25-26/8161,CAMERA BOX 4X4,4.0,12.71,50.84
SAS/25-26/8162,"H6C (4MP,W1)",1.0,2711.86,2711.86
SAS/25-26/8162,HIKVISION MICRO SD 256 GB,1.0,1228.81,1228.81
SAS/25-26/8162,EVM 1D BARCODE SCANNER -EWBS-009,1.0,1016.95,1016.95
SAS/25-26/8163,DVR BOX,3.0,296.61,889.83
SAS/25-26/8163,POWER EXTEN. BOARD 6+1 (1.5 YARD),2.0,211.86,423.72
SAS/25-26/8164,DAICHI POE SWITCH 4+2 CH (DTPOE42N),10.0,762.71,7627.1
SAS/25-26/8164,DAICHI POE SWITCH 8+2 CH (DTPOE82N),10.0,1059.32,10593.2
SAS/25-26/8164,DAICHI POE SWITCH 8+2 FG(DIPOE82G),2.0,2415.25,4830.5
SAS/25-26/8165,IDS-7104HQHI-M1/T,1.0,3338.98,3338.98
SAS/25-26/8165,HIK 5MP HD BULLET (DS-2CE16KOT-LPFS)-3K,2.0,1440.68,2881.36
SAS/25-26/8165,D-LINK SWITCH DES-1005C 5 PORT,5.0,466.1,2330.5
SAS/25-26/8165,D-LINK SWITCH DES-1008 8PORT,2.0,635.59,1271.18
SAS/25-26/8165,D-LINK STANDARD 3+1 90MTR. CABLE,3.0,932.2,2796.6
SAS/25-26/8166,PT-NC143D3-WNM(D2) 4MP RANGINVIEW DOME,4.0,2796.61,11186.44
SAS/25-26/8166,CAMERA BOX  5X5,4.0,21.19,84.76
SAS/25-26/8167,DAICHI HDD 1TB,1.0,4491.53,4491.53
SAS/25-26/8168,ECO DS-2CE5AD0T-ITP,80.0,596.61,47728.8
SAS/25-26/8168,ECO DS-2CE1ADOT-ITP,90.0,650.0,58500.0
SAS/25-26/8168,HIK 2MP DOME DS-2CED76DOT-ITPFS 2.8MM,80.0,711.86,56948.8
SAS/25-26/8168,IDS-7116HQHI-M1/S,20.0,7573.73,151474.6
SAS/25-26/8169,POWER EXTEN. BOARD 6+1 (1.5 YARD),2.0,211.86,423.72
SAS/25-26/8169,NETWORKING RACK 4U,1.0,550.85,550.85
SAS/25-26/8170,BNC CONNECTORS,20.0,8.47,169.4
SAS/25-26/8170,HDMI CABLE 5 MTR.,1.0,110.17,110.17
SAS/25-26/8170,D-LINK STANDARD 3+1 90MTR. CABLE,1.0,932.2,932.2
SAS/25-26/8171,DAICHI HDD 500GB,10.0,1677.97,16779.7
SAS/25-26/8171,DAICHI HDD 1TB,20.0,4322.03,86440.6
SAS/25-26/8172,SECUREYE WIFI 4G ROUTER,1.0,1228.81,1228.81
SAS/25-26/8173,POE EXTENDER 1X4,3.0,529.66,1588.98
SAS/25-26/8174,NETWORKING RACK 4U,1.0,550.85,550.85
SAS/25-26/8175,IP 2MP VANDAL DOME DS-2CD3121G2E-I,3.0,3389.83,10169.49
SAS/25-26/8176,CP-UVR-0801E1-CV4 8 CHANNEL DVR,1.0,2669.49,2669.49
SAS/25-26/8176,CP-URC-DC24PL2C- 2.4MP HD DOME AUDIO CAMERA,2.0,703.39,1406.78
SAS/25-26/8177,2U DVR RACK,1.0,508.47,508.47
SAS/25-26/8178,CS-CMT-SOLARPANEL-E,1.0,1300.0,1300.0
SAS/25-26/8179,8 CH REGULAR DVR PT- DR1A08Q-K1,1.0,3474.58,3474.58
SAS/25-26/8180,4CH. DVR ECO PRAMA PT-DR1A04G-K1,10.0,1288.14,12881.4
SAS/25-26/8180,8CH. DVR ECO PRAMA PT-DR1A08G-K1,10.0,1330.51,13305.1
SAS/25-26/8180,HIK 3K 5MP BULLET (DS-2CE10KFOT-PFS) MIC COLOUR,10.0,1505.93,15059.3
SAS/25-26/8181,DAICHI HDD 500GB,1.0,1949.15,1949.15
SAS/25-26/8181,DAICHI HDD 1TB,1.0,4491.53,4491.53
SAS/25-26/8182,HIK 8CH NVR (DS-7608NXI-K1),2.0,6355.93,12711.86
SAS/25-26/8183,"H6C (4MP,W1)",2.0,3220.34,6440.68
SAS/25-26/8183,HIKVISION MICRO SD 128GB,2.0,1101.69,2203.38
SAS/25-26/8184,DOOR LOCK (HV-DL-204),1.0,974.58,974.58
SAS/25-26/8185,8CH. DVR ECO PRAMA PT-DR1A08G-K1,1.0,2330.51,2330.51
SAS/25-26/8186,PRAMA 2MP IP RANGINVIEW BULLET PT-NC-120D3-WNM,10.0,2254.24,22542.4
SAS/25-26/8186,PRAMA 2MP IP RANGINVIEW DOME PT-NC123D3-WNM(D2),10.0,2220.34,22203.4
SAS/25-26/8186,PT-NC140D3-WNM(D2) 4MP RANGINVIEW BULLET,10.0,2830.51,28305.1
SAS/25-26/8186,PT-NC143D3-WNM(D2) 4MP RANGINVIEW DOME,10.0,2788.14,27881.4
SAS/25-26/8186,HIK 32CH NVR ACUSENSE DS-7632NXI-K2,2.0,12118.64,24237.28
SAS/25-26/8186,HIKVISION 4CH NVR DS-7104NI-Q1/M,2.0,3135.59,6271.18
SAS/25-26/8186,HIK 16CH NVR (DS-7116NI-Q1/M),2.0,5152.54,10305.08
SAS/25-26/8186,PRAMA HD 2MP BULLET (PT-HTD11F0E-WPF (M),20.0,953.39,19067.8
SAS/25-26/8188,CP NVR 32 CH (CP-UNR 4K 4322-V3),1.0,9491.53,9491.53
SAS/25-26/8188,RJ 45 CONNECTOR,1.0,296.61,296.61
SAS/25-26/8189,DAICHI HD 2 MP HYBRID BULLET (DIB2HDAC),5.0,1144.07,5720.35
SAS/25-26/8189,DAICHI IP 4 MP DOME HYBRID (DID4ISC),15.0,1059.32,15889.8
SAS/25-26/8189,DAICHI POE SWITCH 4+2 CH (DTPOE42N),1.0,805.08,805.08
SAS/25-26/8189,DAICHI POE SWITCH 8+2 CH (DTPOE82N),2.0,1059.32,2118.64
SAS/25-26/8189,CP-UVR-0801E1-CV4 8 CHANNEL DVR,1.0,2711.86,2711.86
SAS/25-26/8189,CP UVR-0401E1-IC2 4CH DVR,1.0,1864.41,1864.41
SAS/25-26/8190,CP NVR 4 CH ( CP-UNR-104 F1 ),1.0,2694.92,2694.92
SAS/25-26/8190,CP-UNC-TA21L3C-Q 2MP IP BULLET,2.0,1949.15,3898.3
SAS/25-26/8190,CP PLUS 4PORT POE (CP-DNW-GPU4G2-48),1.0,1822.03,1822.03
SAS/25-26/8190,DAICHI HDD 1TB,1.0,4406.78,4406.78
SAS/25-26/8191,PT-NC143D3-WNM(D2) 4MP RANGINVIEW DOME,1.0,2816.1,2816.1
SAS/25-26/8192,HIK HD 2MP BULLET DS-2CE16DOT-LPFS AUDIO,2.0,1050.85,2101.7
SAS/25-26/8192,ECO DS-2CE5AD0T-ITP,3.0,614.41,1843.23
SAS/25-26/8192,VIDEO BALUN 8 MP,3.0,59.32,177.96
SAS/25-26/8193,HIK HD 2MP DOME DS-2CE76DOT-LPFS AUDIO,6.0,1042.37,6254.22
SAS/25-26/8193,MAGENETIC LOCK ML-01,1.0,720.34,720.34
SAS/25-26/8194,DAICHI POE SWITCH 4+2 CH (DTPOE42N),5.0,889.83,4449.15
SAS/25-26/8194,HIKVISION 305 MTR CAT6 CCA,2.0,4237.29,8474.58
SAS/25-26/8194,CAMERA BOX 4X4,5.0,12.71,63.55
SAS/25-26/8195,HV-PSU-2AMP-24V,1.0,381.36,381.36
SAS/25-26/8196,PRAMA IP 2MP PT-NC123D3-N(D2),5.0,2076.27,10381.35
SAS/25-26/8196,CP UTP 24AWG CAT-6 100 MTR. (CP-EUT-6TGL23-100),1.0,2118.64,2118.64
SAS/25-26/8197,REMOTE SUPPLY,1.0,762.71,762.71
SAS/25-26/8197,REMOTE OEM,2.0,169.49,338.98
SAS/25-26/8198,ELECTRONIC LOCK COIL,2.0,211.86,423.72
SAS/25-26/8199,DOOR LOCK (HV-DL-204),5.0,932.2,4661.0
SAS/25-26/8199,WIRELESS MAGNET SHOCK DETECTORDS-PDMCK-EG2-WB,1.0,1991.53,1991.53
SAS/25-26/8199,AX PRO EXTERNAL HOOTER DS-PS1-E-WB（RED）,1.0,4237.29,4237.29
SAS/25-26/8200,HIKVISION MICRO SD 128GB,4.0,1101.69,4406.76
SAS/25-26/8200,USB ADAPTER,2.0,59.32,118.64
SAS/25-26/8201,BNC CONNECTORS,50.0,8.47,423.5
SAS/25-26/8201,IRANGE DC PIN,50.0,4.24,212.0
SAS/25-26/8202,PROXIMITY ACCESS CARD,100.0,8.47,847.0
SAS/25-26/8202,CP-Z43Q 4MP WIFI PT CAMERA,3.0,2245.76,6737.28
SAS/25-26/8202,CP EZYKAM SY CP-E38Q,1.0,1398.31,1398.31
SAS/25-26/8202,HIKVISION MICRO SD 64GB,3.0,593.22,1779.66
SAS/25-26/8202,CCTV WIRE DAICHI ASTRA 3+1 70MTR COPPER,1.0,550.85,550.85
SAS/25-26/8203,"4CH. NVR Q1 (1HDD,H.265+,MINI NVR)PRAMA PT-NR1A04-Q1",1.0,2258.47,2258.47
SAS/25-26/8203,DAICHI IP 4 MP HYBRID BULLET (DIB4ISC),1.0,1144.07,1144.07
SAS/25-26/8203,DAICHI IP 4 MP DOME HYBRID (DID4ISC),2.0,1059.32,2118.64
SAS/25-26/8203,2U DVR RACK,1.0,296.61,296.61
SAS/25-26/8203,CP 4 PORT UPLINK POE (CP-DNW-HPU4H2-48-V2),1.0,889.83,889.83
SAS/25-26/8203,DAICHI PVC WIRE CAT 6 CCA 100MTR ECO,2.0,847.46,1694.92
SAS/25-26/8203,"CCTV WIRE DAICHI 3+1, ECO-70MTR",2.0,550.85,1101.7
SAS/25-26/8204,HIK 16CH DVR ( DS-7116HGHI-M1/T),1.0,4949.15,4949.15
SAS/25-26/8205,CP XVR 16CH (CP-UVR-1601E1-IC)-H.265 2MP,1.0,4364.41,4364.41
SAS/25-26/8205,CP HD BULLET 2.4MP  (CP-URC-TC24PL3C-DUAL LIGHT,1.0,974.58,974.58
SAS/25-26/8205,CP HD DOME 2.4MP (CP-URC-DC24PL3C-DUAL LIGHT,5.0,932.2,4661.0
SAS/25-26/8205,DAICHI HDD 3TB,1.0,6355.93,6355.93
SAS/25-26/8206,BEETEL C-11,1.0,406.78,406.78
SAS/25-26/8207,CP-UNR-4K2162-V3,1.0,5847.46,5847.46
SAS/25-26/8207,CAMERA BOX 4X4,30.0,12.71,381.3
SAS/25-26/8207,DAICHI POE SWITCH 4+2 CH (DTPOE42N),6.0,889.83,5338.98
SAS/25-26/8207,POE SWITCH BOX,10.0,254.24,2542.4
SAS/25-26/8207,CRIMPING TOOL CT0392,2.0,381.36,762.72
SAS/25-26/8208,ECO DS-2CE5AD0T-ITP,80.0,597.46,47796.8
SAS/25-26/8208,HIK HD 2MP DOME DS-2CE76DOT-LPFS AUDIO,108.0,966.1,104338.8
SAS/25-26/8208,HIK 5MP HD DOME (DS-2CE76KOT-LPFS)-3K,108.0,1355.93,146440.44
SAS/25-26/8208,IDS-7108HQHI-M1/T,20.0,4618.64,92372.8
SAS/25-26/8208,HIK 5MP BULLET (DS-2CE16H0T-ITPFS) AUDIO,90.0,1186.44,106779.6
SAS/25-26/8208,HIK 5MP DOME (DS-2CE76H0T-ITPFS) AUDIO,120.0,1118.64,134236.8
SAS/25-26/8208,PT-NC140D3-WNM(D2) 4MP RANGINVIEW BULLET,36.0,2766.95,99610.2
SAS/25-26/8209,CP UVR-0401E1-IC2 4CH DVR,2.0,1847.46,3694.92
SAS/25-26/8209,CP-URC-DC24PL3 2.4 MP HD DOME CAMERA,10.0,567.8,5678.0
SAS/25-26/8209,CP-URC-DC24PL2C- 2.4MP HD DOME AUDIO CAMERA,5.0,703.39,3516.95
SAS/25-26/8209,CP-URC-TC24PL2C- 2.4MP HD BULLET AUDIO CAMERA,5.0,788.14,3940.7
SAS/25-26/8210,MAGENETIC LOCK ML-01,1.0,720.34,720.34
SAS/25-26/8210,HV-SR-602-A,1.0,635.59,635.59
SAS/25-26/8210,PROXIMITY ACCESS CARD,50.0,8.47,423.5
SAS/25-26/8210,METAL SWITCH MS01,1.0,211.86,211.86
SAS/25-26/8210,DOOR LOCK (HV-DL-204),1.0,932.2,932.2
SAS/25-26/8211,L BRACKET,1.0,211.86,211.86
SAS/25-26/8212,MAGNETIC CONTACT DS-PDMC-EG2-WB,3.0,1400.0,4200.0
SAS/25-26/8212,WIRELESS EMERGENCY BUTTON DS-PDEB1-EG2-WB,1.0,1050.0,1050.0
SAS/25-26/8212,AX PRO EXTERNAL HOOTER DS-PS1-E-WB（RED）,2.0,3800.0,7600.0
SAS/25-26/8213,HIK 16CH DVR ( DS-7116HGHI-M1/T),4.0,4949.15,19796.6
SAS/25-26/8213,ECO DS-2CE5AD0T-ITP,80.0,622.88,49830.4
SAS/25-26/8213,ECO DS-2CE1ADOT-ITP,5.0,652.54,3262.7
SAS/25-26/8214,DS-KIS602 VDP,20.0,11744.92,234898.4
SAS/25-26/8215,PRAMA 6MP DUAL LIGHT PT-NC160D3-WNM(D2),8.0,3550.85,28406.8
SAS/25-26/8216,HIK 3K 5MP BULLET (DS-2CE10KFOT-PFS) MIC COLOUR,3.0,1957.63,5872.89
SAS/25-26/8216,"EVM LED MONITOR 18.5"" EVM 190 GRAND LED",1.0,1737.29,1737.29
SAS/25-26/8216,DAICHI HDD 1TB,1.0,4491.53,4491.53
SAS/25-26/8216,HDMI CABLE 3 MTR.,1.0,67.8,67.8
SAS/25-26/8217,SECUREYE WIFI 4G ROUTER,1.0,1144.07,1144.07
SAS/25-26/8218,HV-IP-VL-04,1.0,6949.15,6949.15
SAS/25-26/8218,HV-IP-805 VDP MONITER,3.0,4576.27,13728.81
SAS/25-26/8218,CP 4 PORT UPLINK POE (CP-DNW-HPU4H2-48-V2),1.0,932.2,932.2
SAS/25-26/8219,HIK 4CH DVR (DS-7104HGHI-M1/T,10.0,1936.44,19364.4
SAS/25-26/8219,HIK 8CH DVR (DS-7108HGHI-M1-T,10.0,2855.93,28559.3
SAS/25-26/8219,4CH. DVR ECO PRAMA PT-DR1A04G-K1,10.0,1631.36,16313.6
SAS/25-26/8219,CP NVR 4 CH ( CP-UNR-104 F1 ),10.0,2635.59,26355.9
SAS/25-26/8219,CP NVR 8 CH (CP-UNR-108 F1 ),10.0,3080.51,30805.1
SAS/25-26/8219,CP HD DOME 2.4MP (CP-URC-DC24PL3C-DUAL LIGHT,10.0,898.31,8983.1
SAS/25-26/8219,CP HD BULLET 2.4MP  (CP-URC-TC24PL3C-DUAL LIGHT,10.0,940.68,9406.8
SAS/25-26/8219,HIK HD 2MP BULLET DS-2CE16DOT-LPFS AUDIO,10.0,1050.85,10508.5
SAS/25-26/8219,HIK HD 2MP DOME DS-2CE76DOT-LPFS AUDIO,10.0,995.76,9957.6
SAS/25-26/8219,IDS-7104HQHI-M1/T,2.0,3241.53,6483.06
SAS/25-26/8219,IDS-7108HQHI-M1/T,2.0,4635.59,9271.18
SAS/25-26/8219,"CCTV WIRE DAICHI 3+1, ECO-70MTR",30.0,474.58,14237.4
SAS/25-26/8220,VIDEO BALUN 8 MP,4.0,67.8,271.2
SAS/25-26/8221,HIK 4CH NVR (DS-7604NI-Q1),2.0,4491.53,8983.06
SAS/25-26/8222,DAICHI HDD 3TB,1.0,6186.44,6186.44
SAS/25-26/8223,CP IP WIFI 2 MP (CP-E28Q),2.0,1161.02,2322.04
SAS/25-26/8223,CP EZYKAM SY CP-E38Q,2.0,1381.36,2762.72
SAS/25-26/8223,CP-Z43Q 4MP WIFI PT CAMERA,1.0,2245.76,2245.76
SAS/25-26/8224,HIKVISION VDP DS-KIS603-P(B),1.0,10072.03,10072.03
SAS/25-26/8225,ECO DS-2CE5AD0T-ITP,40.0,597.46,23898.4
SAS/25-26/8225,ECO DS-2CE1ADOT-ITP,45.0,661.02,29745.9
SAS/25-26/8225,HIK 2MP DOME DS-2CED76DOT-ITPFS 2.8MM,40.0,737.29,29491.6
SAS/25-26/8225,HIK 2MP BULLET DS-2CE16DOT-ITPFS (AUDIO),45.0,805.08,36228.6
SAS/25-26/8225,HIK HD 2MP DOME DS-2CE76DOT-LPFS AUDIO,36.0,974.58,35084.88
SAS/25-26/8225,HIK HD 2MP BULLET DS-2CE16DOT-LPFS AUDIO,45.0,1033.9,46525.5
SAS/25-26/8225,HIK 5MP HD BULLET (DS-2CE16KOT-LPFS)-3K,45.0,1453.39,65402.55
SAS/25-26/8225,HIK 5MP HD DOME (DS-2CE76KOT-LPFS)-3K,36.0,1381.36,49728.96
SAS/25-26/8225,HIK 5MP BULLET (DS-2CE16H0T-ITPFS) AUDIO,45.0,1186.44,53389.8
SAS/25-26/8225,HIK 5MP DOME (DS-2CE76H0T-ITPFS) AUDIO,40.0,1135.59,45423.6
SAS/25-26/8225,IDS-7108HQHI-M1/T,10.0,4618.64,46186.4
SAS/25-26/8226,DAICHI HDD 1TB,2.0,4449.15,8898.3
SAS/25-26/8226,DAICHI HDD 3TB,1.0,6355.93,6355.93
SAS/25-26/8226,ELECTRONIC LOCK COIL,1.0,211.86,211.86
SAS/25-26/8227,DAICHI HDD 3TB,1.0,6355.93,6355.93
SAS/25-26/8227,DAICHI HDD 4TB,1.0,7203.39,7203.39
SAS/25-26/8228,4CH. DVR ECO PRAMA PT-DR1A04G-K1,1.0,1631.36,1631.36
SAS/25-26/8228,PRAMA HD 2MP BULLET (PT-HTD11F0E-WPF (M),4.0,966.1,3864.4
SAS/25-26/8228,DAICHI HDD 1TB,1.0,4406.78,4406.78
SAS/25-26/8228,QS 4CH SMPS,1.0,211.86,211.86
SAS/25-26/8228,QS 8CH SMPS,1.0,254.24,254.24
SAS/25-26/8228,CAMERA BOX 4X4,4.0,12.71,50.84
SAS/25-26/8229,CP-Z43Q 4MP WIFI PT CAMERA,1.0,2245.76,2245.76
